name,ip_address,wallet_address,vps_provider,network,secondary_ip
VPS-1CPU1GB-0001,172.245.180.217,NKNVUL6ehs6Q9qxQUFQnYHJK8jKFB8Xt5xiW,RN,NKN,0
VPS-1CPU1GB-0002,107.172.196.184,NKNXffPvnQmVrwxKEEeuoMzkqRZpRN8gP4r6,RN,NKN,0
VPS-1CPU1GB-0003,107.173.6.14,NKNQuxkakgmcigZzSvRpFcvm7soFzj4VwzD2,RN,NKN,0
VPS-1CPU1GB-0004,192.3.187.40,NKNJQ24qBBaAgpSz1RwEW3GfNpQnt2tQn5iv,RN,NKN,0
VPS-1CPU1GB-0005,172.245.178.126,NKNFX43YpComGZMydmz7oEWDQrK1fachknbC,RN,NKN,0
VPS-1CPU1GB-0006,108.174.57.195,NKNENWSkigkE7T6MbfHNr1eG95zpfs5yANSr,RN,NKN,0
VPS-1CPU1GB-0007,104.168.112.212,NKNRHk2iAg5SXtbmxWpWMYWbSPw6nQivY5Hf,RN,NKN,0
VPS-1CPU1GB-0008,23.94.84.99,NKNFpPdfJS1U8BaaozqgEkdxxFZaunugd92G,RN,NKN,0
VPS-1CPU1GB-0009,107.173.248.196,NKNPDgndEzWHS7f1EDwzLUcJaDyN8PgYP7hu,RN,NKN,0
VPS-1CPU1GB-0010,192.210.197.225,NKNUZBS9ZPaFAWeUuAev2smXupyrdX38DKXZ,RN,NKN,0
VPS-1CPU1GB-0011,107.173.248.197,NKNCuuEoRpzTSDbuxqMk1rwzAzf9wEYG22j9,RN,NKN,0
VPS-1CPU1GB-0012,107.172.208.191,NKNTUMHMni53RK36Mgv99VzLQAtVz6xRtLrW,RN,NKN,0
VPS-1CPU1GB-0013,192.210.197.233,NKNWRXZn4QJWwHRDQjyyzGj57WX24trv5BXd,RN,NKN,0
VPS-1CPU1GB-0014,107.173.50.125,NKNLwQVsT3dUqsAqKD2dffQeqF972kVSeLqD,RN,NKN,0
VPS-1CPU1GB-0015,172.245.118.18,NKNPewbYpAbAVT7cHQX226bKbfbSecBJCyeh,RN,NKN,0
VPS-1CPU1GB-0016,172.245.205.206,NKNHBwX8k8gVNYhfNkAXF2K8NUJfxARbKM2n,RN,NKN,0
VPS-1CPU1GB-0017,107.172.143.169,NKNJEPfrpecV36u8gtNDu1ey1ocxfVM8AhpQ,RN,NKN,0
VPS-1CPU1GB-0018,107.173.101.193,NKNLAxYJGR115pJFnLdGdd9zHrCQwdT1HRBL,RN,NKN,0
VPS-1CPU1GB-0019,192.3.164.248,NKNWVCEJen6NQKQbPXqNfoNqY9NpVENhkzP8,RN,NKN,0
VPS-1CPU1GB-0020,192.227.170.234,NKNDLDZR28S6n629bjVhMYX638KLNtparrn6,RN,NKN,0
VPS-1CPU1GB-0021,172.245.205.207,NKNDjQqCvNrvixxMTLq3DRCpqe1a7RUbN1fF,RN,NKN,0
VPS-1CPU1GB-0022,107.174.71.230,NKNCSUg8ABY2Z4FZKGFc93zVUrhfsfwS7omv,RN,NKN,0
VPS-1CPU1GB-0023,107.172.208.193,NKNSTNrggiSKmN64i9SkfyTZQ5S42q6NAv9z,RN,NKN,0
VPS-1CPU1GB-0024,192.210.226.206,NKNH2is9kuatFa5fyU1iSS3JfDy4w44qY2Qj,RN,NKN,0
VPS-1CPU1GB-0025,107.172.76.56,NKND791Wr5wnvVdxvjaRrPPhbRM15UgVteD7,RN,NKN,0
VPS-1CPU1GB-0026,108.174.57.196,NKNUZVgr9aEKaarppxVXF2wUxAZ68DUvL6YQ,RN,NKN,0
VPS-1CPU1GB-0027,192.3.155.202,NKNPXgtEoiZmSo7H4GxLuMvTQ4hzvzyeM9Yo,RN,NKN,0
VPS-1CPU1GB-0028,192.3.98.190,NKNJwBNxcXYMrhRYQwrgBw6jzhgeu5y62qBk,RN,NKN,0
VPS-1CPU1GB-0029,107.172.208.194,NKND3n3t5PrSq3uHF99pnSXtj4cDpyswMpTh,RN,NKN,0
VPS-1CPU1GB-0030,172.245.110.28,NKNDJBC4msC8wgwmBRkxCmRneYpqSJxcpUjC,RN,NKN,0
VPS-1CPU1GB-0031,104.168.59.55,NKNTMUL1WJffNmbKTYjEKHsw8UJuMKW3a85Y,RN,NKN,0
VPS-1CPU1GB-0032,192.210.226.215,NKNBeNrT6SGnUWpLRbZ1ohw5hSQ2zBhneo46,RN,NKN,0
VPS-1CPU1GB-0033,107.175.35.89,NKNCvpUQXASx2yjs1rR4rkYQBeV8vfYnkDVS,RN,NKN,0
VPS-1CPU1GB-0034,23.95.130.199,NKNEHB1BiPiTHEU5HP4HxfHGRHnR5QojAH49,RN,NKN,0
VPS-1CPU1GB-0035,172.245.154.22,NKNMBxvsQq9Nu7SRee9Q77Ba3kYgGuS1AByA,RN,NKN,0
VPS-1CPU1GB-0036,192.3.25.18,NKNJTMwMKrqEGo1KKwYodNG1c7Li7q1QQ8oW,RN,NKN,0
VPS-1CPU1GB-0037,107.173.179.36,NKNMGXWcAwfubDGJdcfnnvntT8SAfhxN2cn8,RN,NKN,0
VPS-1CPU1GB-0038,23.94.87.176,NKNGU21Y3Mc6x5LL2vdZrEQFN7YcRfyDp9Gu,RN,NKN,0
VPS-1CPU1GB-0039,67.215.249.242,NKNJy8GL6ciFDbwZpwSRQmoyMj7yuE4x8Pv2,RN,NKN,0
VPS-1CPU1GB-0040,192.3.155.215,NKNSgAkJySrVjtrE6zGqaCu3X9Ws6J1xnisq,RN,NKN,0
VPS-1CPU1GB-0041,198.46.188.238,NKNaMwwzbNcug9RKar41Z2F7c2EYEt9G3WbA,RN,NKN,0
VPS-1CPU1GB-0042,108.174.57.197,NKNKkJvEoQ1KxcbifmRJKK4sFowDtTWUftpp,RN,NKN,0
VPS-1CPU1GB-0043,172.245.5.216,NKNPbD1MNkrdnTXtrp6iQbd673mCqhKSGUW9,RN,NKN,0
VPS-1CPU1GB-0044,172.245.180.222,NKNVMxMfxEgLq1B4DzJ2PuE3V3GdtLUqTYMf,RN,NKN,0
VPS-1CPU1GB-0045,107.172.3.201,NKNYTMAV1XdidoJhXWFjohAXP3ncuXPH4YaX,RN,NKN,0
VPS-1CPU1GB-0046,172.245.180.224,NKNFDAmeXHh3ZpxzQFC5KZLs63xczepLp36y,RN,NKN,0
VPS-1CPU1GB-0047,107.172.196.186,NKNKUxQuFXhznbaujV9h9NSdEq5Br5jan5HA,RN,NKN,0
VPS-1CPU1GB-0048,192.227.235.132,NKND8uZvaiUTuUAiifhSqQrCcFMgzaKx5jr8,RN,NKN,0
VPS-1CPU1GB-0049,172.245.178.127,NKNVZ4LTNjX1XDCUmMgwkSCw4FbhKck5jtDk,RN,NKN,0
VPS-1CPU1GB-0050,104.168.112.213,NKNBtEJYVicA5aCd2vywSeZVUBKoPzLoRYws,RN,NKN,0
VPS-1CPU1GB-0051,107.173.19.17,NKNF97Y1atzhQkN5rNSntsP1YfnitcJL2vPZ,RN,NKN,0
VPS-1CPU1GB-0052,167.160.189.125,NKNKipLSy96yi6WJYrUAhHUd9x6ffsk7DGmH,RN,NKN,0
VPS-1CPU1GB-0053,192.3.155.218,NKNSrmNUneKnqaSqfC8e2fWd3DbkK3tEDqjo,RN,NKN,0
VPS-1CPU1GB-0054,23.94.87.195,NKNG5hXNB1raRiVMzsEkW5FizJv6iAbHkhzf,RN,NKN,0
VPS-1CPU1GB-0055,192.3.24.149,NKNaJXiYcC4UR5xfa2aY1DWFsDAwLdEqPmjX,RN,NKN,0
VPS-1CPU1GB-0056,107.172.90.48,NKNCeG4Wam6uATRV2sEqC86CKQwqW1SagpLW,RN,NKN,0
VPS-1CPU1GB-0057,172.245.205.208,NKNCGxJnEpjWvvAGB5FrTSBEwAPsS7QjkJtQ,RN,NKN,0
VPS-1CPU1GB-0058,107.172.3.202,NKNE21DhLMaUwQjrbaNeCfJ8ydg6quF3uftq,RN,NKN,0
VPS-1CPU1GB-0059,23.94.168.38,NKNLMNbY8R5jobvtj62nXGKRdDKd5R4jVRy2,RN,NKN,0
VPS-1CPU1GB-0060,216.144.233.45,NKNVMUchyeJSCzRpTT4qmWD8wNB6pdnb48Sv,RN,NKN,0
VPS-1CPU1GB-0061,198.46.221.132,NKNDSB12jEBTDB3EBdjr3eDht2q7uVD6F1cH,RN,NKN,0
VPS-1CPU1GB-0062,192.3.25.19,NKNSaB8CPdP8fvW8NNZWGLHZeLDYBYqAdVcw,RN,NKN,0
VPS-1CPU1GB-0063,107.172.142.174,NKNQVHYRHfuQdUsJUhMt11teCEkiRS7dcjdL,RN,NKN,0
VPS-1CPU1GB-0064,172.245.95.187,NKNRxEgd7LHBMw346p2LnMMsobk1gFTG6L7i,RN,NKN,0
VPS-1CPU1GB-0065,107.173.236.215,NKNSYH9uBUk8s5Smbt6eXMbJrNeHEsWLXTc7,RN,NKN,0
VPS-1CPU1GB-0066,107.173.53.212,NKNaMGeA7UFA9rVDewzkE2R6utiSLB2QyenX,RN,NKN,0
VPS-1CPU1GB-0067,172.245.63.138,NKNKYKkCMRgA1gmLgYGkRVeQk1SVLR3MYtCD,RN,NKN,0
VPS-1CPU1GB-0068,23.94.87.196,NKNC7QcqMdhsX37NK3kEV9mYcSV5CsS7oUe3,RN,NKN,0
VPS-1CPU1GB-0069,23.95.193.215,NKNUNVjjuKbeufMvDbEp2uq8WhcDGxJuC1Fx,RN,NKN,0
VPS-1CPU1GB-0070,107.172.142.177,NKND2jBmvMJKfTE3ahx4ozRcEzFLpdkyUGSf,RN,NKN,0
VPS-1CPU1GB-0071,107.173.41.180,NKNR6U1j3US6WN2CmkoKTPmM7VJWh9UzMvFf,RN,NKN,0
VPS-1CPU1GB-0072,172.245.118.221,NKNZfFczE9CZyvXBb2WC2dvn32cLUomi9uBd,RN,NKN,0
VPS-1CPU1GB-0073,107.172.148.133,NKNENLQ8o58qbDegZk2rUomDTncpg34FuyEC,RN,NKN,0
VPS-1CPU1GB-0074,107.173.50.13,NKNLEVwur8UGmkLCqic787pWhcbUGaNxc6U2,RN,NKN,0
VPS-1CPU1GB-0075,107.174.144.185,NKNFuovNoFzbNdbqcW7Gat3fxnxxvVxU3bTi,RN,NKN,0
VPS-1CPU1GB-0076,198.46.252.127,NKNZ1C6SJDu7wfQRna9HKYGvLtVsUFJAH9gS,RN,NKN,0
VPS-1CPU1GB-0077,192.3.98.194,NKNZv6yJA5qnGQw1iCGfuTjweFudBDuD4Tas,RN,NKN,0
VPS-1CPU1GB-0078,192.3.155.219,NKNWoi8U3QLBcrqqMk5gf6z5JMd3CevFNfo3,RN,NKN,0
VPS-1CPU1GB-0079,107.173.53.221,NKNC5DFbL6FxUdPTbgkXAMKyXnUJ24jDn9h3,RN,NKN,0
VPS-1CPU1GB-0080,192.3.155.220,NKNULpYFipg1bk6Ym9Qemw3RogNHwLzDCYwt,RN,NKN,0
VPS-1CPU1GB-0081,172.245.138.127,NKNMPWMdnyWsSDK9LAQAW2cubetQE1HqiCqd,RN,NKN,0
VPS-1CPU1GB-0082,107.172.208.197,NKNYVK5Jos4mcsoKMqZKPAHVuRrQX35yNcUk,RN,NKN,0
VPS-1CPU1GB-0083,107.172.157.169,NKNBXwrJLZKm6mj6JYqVq26584pGRC7hGHa8,RN,NKN,0
VPS-1CPU1GB-0084,198.46.253.130,NKNP4rReSvPTTw5Aisz1KwfP2PBnMD8KEkSn,RN,NKN,0
VPS-1CPU1GB-0085,107.172.90.51,NKNXvZMPuEZfEPp7YHtWh6dmwpu1AVasWihY,RN,NKN,0
VPS-1CPU1GB-0086,216.144.233.47,NKNL6ohpmHwrMWFHfk8Ge2pshUMoUWXokf8A,RN,NKN,0
VPS-1CPU1GB-0087,192.210.197.236,NKNC2zKoLKw8hNpinx2J7Bwn9tqSWkJU4kFH,RN,NKN,0
VPS-1CPU1GB-0088,107.173.50.14,NKNaMwwzty7KnbB79D3kmoviM5aVPZAbrY8y,RN,NKN,0
VPS-1CPU1GB-0089,192.3.155.221,NKNFyTLDJ3asaf27xyiUuyYTyBgRxYMU5rhX,RN,NKN,0
VPS-1CPU1GB-0090,108.174.57.208,NKNFS8vfYnZMNLmgyhy9kV4Be7CYZG75rQgP,RN,NKN,0
VPS-1CPU1GB-0091,107.173.19.21,NKNFJVGQGRokraMyxQM8FzZxW3dM26Z2jWrR,RN,NKN,0
VPS-1CPU1GB-0092,172.245.5.217,NKNQeurrGcVcaxWFfdEV6dNeciAcC4ndHci8,RN,NKN,0
VPS-1CPU1GB-0093,107.172.142.178,NKNQsm1b41HCUDX6REdDN6JFfoQqPwXNKSoi,RN,NKN,0
VPS-1CPU1GB-0094,192.3.98.197,NKNXpXvrcsFxk4tiPE5WeUWkZfLTsk4mXGhY,RN,NKN,0
VPS-1CPU1GB-0095,192.3.155.224,NKNTHEC3WMvM2weksgdD9SNdHQKzhDPSUjFV,RN,NKN,0
VPS-1CPU1GB-0096,107.172.18.159,NKNGy25Wc4viasbRvfDUbESWvgRTKQWizP2k,RN,NKN,0
VPS-1CPU1GB-0097,172.245.205.21,NKNZX9BgYWCFVUPJt5w956Ys2EDVs7h23B8S,RN,NKN,0
VPS-1CPU1GB-0098,107.173.19.22,NKNYQTxCZmaREqts4gKssNjFEyE3s1WMemdj,RN,NKN,0
VPS-1CPU1GB-0099,172.245.5.218,NKNHyEuSsVCPYnS6za98jmpmv6w4wLiWoxBM,RN,NKN,0
VPS-1CPU1GB-0100,107.172.142.179,NKNFaQTdXDnj3M1bvSnsrZZrPf496ApTaetj,RN,NKN,0
VPS-1CPU1GB-0101,23.95.130.20,NKNKxJ8TKHzuvaWQ8n7nZNVsyaNvE5EfozRq,RN,NKN,0
VPS-1CPU1GB-0102,107.173.196.135,NKNDiua8ZJJCzAACgMLhXVw9WwjKfsun3Gnf,RN,NKN,0
VPS-1CPU1GB-0103,107.175.69.197,NKNYTktMPRENTKJ3gRJYB116gpVTXQANJvsg,RN,NKN,0
VPS-1CPU1GB-0104,172.245.205.211,NKNNeDi3SSZ4uV8zRLp7YKhBCPRb7STp8Sdh,RN,NKN,0
VPS-1CPU1GB-0105,172.245.154.220,NKNXMVG6geBzmBLoTXxiHB8zJjS6LDQsnrrA,RN,NKN,0
VPS-1CPU1GB-0106,107.172.196.188,NKNaSMziNLw7DuZtL5mPuYeNDDbYrfFLCRSP,RN,NKN,0
VPS-1CPU1GB-0107,107.172.137.234,NKNYLNmSSHC2bs4n9GwGVYd6hGTi8eN25BXt,RN,NKN,0
VPS-1CPU1GB-0108,23.94.158.92,NKNKwhshYSnpRJRU13yqrBKwPkJvnq153ep4,RN,NKN,0
VPS-1CPU1GB-0109,107.172.90.54,NKNViSHHdfAxosc8QB4K7cjqGoZruqXTdeKS,RN,NKN,0
VPS-1CPU1GB-0110,107.172.142.18,NKNPaLcwv2kYDhCpbLR5assP5nRARKaaUtfw,RN,NKN,0
VPS-1CPU1GB-0111,107.172.157.17,NKNJwBN7tzL1Bu7BrDGsXT3N1FMuPLy1VYC4,RN,NKN,0
VPS-1CPU1GB-0112,107.173.19.24,NKNY9xGW49q4c2Q3EPmWsqxxdr7nHHKBSCM4,RN,NKN,0
VPS-1CPU1GB-0113,107.173.6.15,NKNFniu2mYCG67z31E3Eyup6L2kZgKvszDgL,RN,NKN,0
VPS-1CPU1GB-0114,107.173.171.222,NKNREp1PMzXLHapS7nK2q2zFHCR57ioMwwsA,RN,NKN,0
VPS-1CPU1GB-0115,172.245.154.222,NKNV5PcPSZNo4HDLFgxGD3nd3RJk7N52ia7T,RN,NKN,0
VPS-1CPU1GB-0116,198.23.137.242,NKNQ5RFdHarYLNnrUgbLZxjWu88hQZ1WK14e,RN,NKN,0
VPS-1CPU1GB-0117,107.173.19.25,NKNLY9Y1SAHX47bniQu26mkKbDdTsK1nigAS,RN,NKN,0
VPS-1CPU1GB-0118,167.160.189.126,NKNDBYaDLEYgjqEsnZLZhGC6Jpxc6u7RfbAi,RN,NKN,0
VPS-1CPU1GB-0119,23.94.87.197,NKNCiawbpB1jyryB9esAU17xAPNos5YCEETh,RN,NKN,0
VPS-1CPU1GB-0120,172.245.119.134,NKNNvYocKSJiLxtcrHqTZsMeeEFRj4SyC4wQ,RN,NKN,0
VPS-1CPU1GB-0121,198.46.252.128,NKNGvc1YJ1Ke9ZrUBzKx1Psvxne7pERukk5s,RN,NKN,0
VPS-1CPU1GB-0122,167.160.189.127,NKNPS6zpRDtNGAvR7PmLqjAq6tyAU5nedVgZ,RN,NKN,0
VPS-1CPU1GB-0123,172.245.154.226,NKNXmnNgPqLbU8DkxzxZFQasa8tE96DWhbry,RN,NKN,0
VPS-1CPU1GB-0124,104.168.59.57,NKNWYtmZXjaGwQQttrVzUpd7YmSF28VEHkMq,RN,NKN,0
VPS-1CPU1GB-0125,172.245.63.139,NKNJ2j4BxG54ztX5X7imtKDmvU1b5821FjBu,RN,NKN,0
VPS-1CPU1GB-0126,107.174.144.191,NKNVytBYE8JdVwYUNxVeda9vpBQCaCbFYuLo,RN,NKN,0
VPS-1CPU1GB-0127,107.174.36.6,NKNaGELZaq8AMYu7ofqrcLR8efoDjpWtScXp,RN,NKN,0
VPS-1CPU1GB-0128,172.245.63.14,NKNY8stLJpNP2AFHfsyzzC4D9hU1ApM1ABcr,RN,NKN,0
VPS-1CPU1GB-0129,192.227.133.156,NKNFDg4dvpPLe7C62Ly1jnXk69rWg6PGAGfD,RN,NKN,0
VPS-1CPU1GB-0130,192.227.235.133,NKNM7eCfZx6D9FmH4ciLzurBHqvHaUuqu42Z,RN,NKN,0
VPS-1CPU1GB-0131,107.172.137.236,NKNPnUpKBjSzovyjsonGW8X9ygDNZChPMtYH,RN,NKN,0
VPS-1CPU1GB-0132,198.46.253.131,NKNKmRVnqJ1CD3wa9cnv5prxYvD1hSzTCwMk,RN,NKN,0
VPS-1CPU1GB-0133,107.172.196.189,NKNTs76xQ9GZRZSAe1w2V4Wr7LsTFQhoHgxN,RN,NKN,0
VPS-1CPU1GB-0134,107.173.196.136,NKNTmZmC29wv5evW9cu97se6EPrvvLZwUnoq,RN,NKN,0
VPS-1CPU1GB-0135,107.172.196.190,NKNL367gjNqqyftjcZv2SG8KM1UFqG8UokC6,RN,NKN,0
VPS-1CPU1GB-0136,192.3.98.199,NKNKdUx18LsrYoZJerBfq9ceUkSsW6EeqCNN,RN,NKN,0
VPS-1CPU1GB-0137,107.175.69.198,NKNHDugB1QBEGBfrZnEW8D82LSziSBCMykfk,RN,NKN,0
VPS-1CPU1GB-0138,107.172.196.192,NKNZz1FWivoja2qj5aJJ7K8VAuMpZW9e5FfZ,RN,NKN,0
VPS-1CPU1GB-0139,107.174.144.193,NKNFV38T92bxBqSpCwT5S6hoFMM7dQfLZ27j,RN,NKN,0
VPS-1CPU1GB-0140,107.173.196.137,NKNX5qaKHbf4nPCX7rzB6RXU6R5A9eYXZLxG,RN,NKN,0
VPS-1CPU1GB-0141,172.245.119.136,NKNREmYrdLsNrEbxYxDRWMc6fGaJ8WMUYzeZ,RN,NKN,0
VPS-1CPU1GB-0142,192.3.187.49,NKNCU1PRSyD1X8ykF1ScfgH2PwP2krUwSuso,RN,NKN,0
VPS-1CPU1GB-0143,192.210.226.217,NKNHTbzMtksZrw3eijEAEzsx6hbF8WQACKzF,RN,NKN,0
VPS-1CPU1GB-0144,192.227.235.134,NKNZAyqpBXVW9FUnTybXikGvyq1gyH4Eb3sz,RN,NKN,0
VPS-1CPU1GB-0145,107.172.196.194,NKNEaMec2JsBMCZoQgiyGpvrwcMpb83w39Zc,RN,NKN,0
VPS-1CPU1GB-0146,107.173.6.16,NKNQLBWrPSpQReCVvr6NqAnWrNo2xpTPTZHm,RN,NKN,0
VPS-1CPU1GB-0147,192.210.226.218,NKNNE3irSGJbKecyTwarsA2NjcsCapkahp2C,RN,NKN,0
VPS-1CPU1GB-0148,172.245.138.128,NKNSGKgs1MRNNPDy9ieL9zW62kr9mBiii7oY,RN,NKN,0
VPS-1CPU1GB-0149,107.173.179.37,NKNVPH6Jy9UvvHqzb8mppbdotQRVf1eaXLH4,RN,NKN,0
VPS-1CPU1GB-0150,107.172.137.237,NKNXDgjftTZ6dKmC8YWcwoKHy6E8MqgwVvzx,RN,NKN,0
VPS-1CPU1GB-0151,192.210.226.222,NKNPqFrcRKX8eq9qUMXCHvu8NKeve6KuqFn2,RN,NKN,0
VPS-1CPU1GB-0152,23.95.189.168,NKNF4L1t7p6dWJKBuDa99uJq34yMMqb4mdMY,RN,NKN,0
VPS-1CPU1GB-0153,198.46.253.132,NKNVYDkhkkuF3cs84mdtLWpFUH8AzF3L8uzs,RN,NKN,0
VPS-1CPU1GB-0154,107.173.179.38,NKNQBswwGUB4tAuhivhHbjjtzVvBAFBMvFSp,RN,NKN,0
VPS-1CPU1GB-0155,172.245.154.227,NKNDX83iT6JjebXwhHG9pVwN6pQaT9zZLduf,RN,NKN,0
VPS-1CPU1GB-0156,172.245.118.222,NKNGZZRo3s9c11UnmpuzZJnjfcSnWLTrppvF,RN,NKN,0
VPS-1CPU1GB-0157,198.23.137.244,NKNW9FeCVqtVUM6vkvhNF9vD5dCtcwVcLUxD,RN,NKN,0
VPS-1CPU1GB-0158,107.173.50.16,NKNFFr8vi7wuZiGmcBN75rBQc2VzAt5SwWP8,RN,NKN,0
VPS-1CPU1GB-0159,107.172.137.238,NKNENL1mXmBCJLS3f7gUNhPR8rqFyoziuZNJ,RN,NKN,0
VPS-1CPU1GB-0160,107.173.101.194,NKNV4RDXFQAG1GFpbKZmpvPN2LFfSouoiJgc,RN,NKN,0
VPS-1CPU1GB-0161,107.175.69.199,NKNVFd5A8GcZa9WdoummSZH3cZmwkUVMRiPz,RN,NKN,0
VPS-1CPU1GB-0162,198.46.253.133,NKNLn3kmxyoxszm9vqXxNqP9svM1dFp1DMGB,RN,NKN,0
VPS-1CPU1GB-0163,198.46.252.129,NKNGdU6JusNaDKbbPhdVk2HuG8TTJqzXEbQD,RN,NKN,0
VPS-1CPU1GB-0164,107.174.144.195,NKNF7mterx7Z1v9fgb9qduo17uAveekPhZPy,RN,NKN,0
VPS-1CPU1GB-0165,107.172.142.181,NKNK135KXQMBZBnqTrMPDkeDsqVq41roqPSb,RN,NKN,0
VPS-1CPU1GB-0166,192.3.155.226,NKNY3sWwsjPbKHkfoNkuoe9vTZpg3GCSU1Ws,RN,NKN,0
VPS-1CPU1GB-0167,107.174.36.60,NKND8sbyPtKocxu3MERzrXWZGVaajYKuDG7Y,RN,NKN,0
VPS-1CPU1GB-0168,192.3.98.20,NKNHrPzNFWzAtH4DJXaNgmi2pqvprDVNXApD,RN,NKN,0
VPS-1CPU1GB-0169,107.173.19.26,NKNCtwpWR4vsuchBDVZBJEGevQPUWA2mqH39,RN,NKN,0
VPS-1CPU1GB-0170,107.174.36.61,NKNTBVa9KH2ejytQxFuCqAH9uDaLkMi51HGN,RN,NKN,0
VPS-1CPU1GB-0171,216.144.233.48,NKNDcxcj1XXdRn5e3EeoZ5cB1gAcrh5C9RJo,RN,NKN,0
VPS-1CPU1GB-0172,107.172.142.182,NKNFYkhMhHJ9SdWWgqVgP1KNPWUMr8WSDwLd,RN,NKN,0
VPS-1CPU1GB-0173,107.172.196.195,NKNRrQJv7n6pBQ8p1YX84ooAk8UALSecv8b6,RN,NKN,0
VPS-1CPU1GB-0174,108.174.57.209,NKNCChQt2w5vvksdVHYpF1zSmxthYNFteBH6,RN,NKN,0
VPS-1CPU1GB-0175,172.245.118.224,NKNaS22uWb7KYM9GjFradtkxGZZEKGUro9vZ,RN,NKN,0
VPS-1CPU1GB-0176,198.46.252.13,NKNNUpuYVicRcuVayKZLXxS8pL9FXqPBy2KP,RN,NKN,0
VPS-1CPU1GB-0177,172.245.178.128,NKNL7w7dqtJuY9FBSvpMra5M5Xn1P9HotPSm,RN,NKN,0
VPS-1CPU1GB-0178,107.173.6.18,NKNNPu83xpLkkpkPpgDHfcx5wNb9MMZsMJkn,RN,NKN,0
VPS-1CPU1GB-0179,172.245.63.140,NKNHkp7mbwPZfEwdQsj6gJiWp5CeQANvGGK1,RN,NKN,0
VPS-1CPU1GB-0180,198.46.221.133,NKNDwSh2xw7VdbXk4ehaWZ1hd7aK78zUwRSG,RN,NKN,0
VPS-1CPU1GB-0181,192.3.98.201,NKNH7nvySLqUcawQkN8KsW6J4djNgo5SDy8X,RN,NKN,0
VPS-1CPU1GB-0182,192.210.226.223,NKNJzGoFwokNQWmqmrb5bWwnyRJUZZiNHEF2,RN,NKN,0
VPS-1CPU1GB-0183,107.174.36.62,NKNPH2WyjqJ7CcduGZSeTw5k5vsYMV666GNZ,RN,NKN,0
VPS-1CPU1GB-0184,23.95.233.174,NKNTkYRCYpGZq11WHnBhBrbtLhqPmJ8yQuc8,RN,NKN,0
VPS-1CPU1GB-0185,192.3.98.202,NKNSXsPaLnq9ydfNSJWqDvZQyzMnN2Vi6nUY,RN,NKN,0
VPS-1CPU1GB-0186,198.46.253.134,NKNXBauyuY99PvRCi2xgDPvzVfD2dyqxvgPW,RN,NKN,0
VPS-1CPU1GB-0187,107.173.6.19,NKNVCDn8dGfPLpaAJ6fXvQnhp6id2kWk9BQZ,RN,NKN,0
VPS-1CPU1GB-0188,192.3.187.53,NKNSRxkA9nbTJmdaRWgmiUfnB6QtN5wiMj7J,RN,NKN,0
VPS-1CPU1GB-0189,107.174.144.199,NKNCSwWXxqV6Y2zVDQPuk2UWHmABkg8BaPrY,RN,NKN,0
VPS-1CPU1GB-0190,192.3.155.227,NKNWkcZ9mGCeLqnQYPjdxKNi7j17Etfe81EZ,RN,NKN,0
VPS-1CPU1GB-0191,172.245.205.212,NKNExsHcaXKV6HV2UMBCD6pDBmcCVFFd8oJq,RN,NKN,0
VPS-1CPU1GB-0192,107.175.213.11,NKNLhfN9aexnNd5TgfFiLpkTGhbRqK8mWSgG,RN,NKN,0
VPS-1CPU1GB-0193,172.245.205.213,NKNPXJnzoA6k7oeJxZTYNZGTgUVnNvkCG6YN,RN,NKN,0
VPS-1CPU1GB-0194,107.175.69.201,NKNGxFSV1tqL9oAi7UrVRTxFpe3UL3jHCHVS,RN,NKN,0
VPS-1CPU1GB-0195,107.173.101.197,NKNJ1eSqLQMJSG7ywgKvnuYSk4Gqi3wB2Keu,RN,NKN,0
VPS-1CPU1GB-0196,192.3.155.228,NKNQsqGzDH5546qHqrFPAGjhP6BhWoqJyt9V,RN,NKN,0
VPS-1CPU1GB-0197,192.3.155.23,NKNJGuyxygG7F4wUx963zMS1wHmtaJSCLjJJ,RN,NKN,0
VPS-1CPU1GB-0198,107.172.137.239,NKNZbqKmnYh6o85MQ38Dee8qohXxSYMQ5kH4,RN,NKN,0
VPS-1CPU1GB-0199,107.172.196.196,NKNQnHLnF157wKHyywYcihjr9Ai6bYuUuD4h,RN,NKN,0
VPS-1CPU1GB-0200,198.46.216.142,NKNa1VBWwEGorf2V36HDM9QTb3ThkjRLLKYx,RN,NKN,0
VPS-1CPU1GB-0201,107.173.19.28,NKNUZsUPgrd4ZrR7xSUiiAbfLPDb4kxbYVtX,RN,NKN,0
VPS-1CPU1GB-0202,172.245.138.129,NKNJ29iN6fSonqpUBy9bhYLuBsQtAJJYb2fD,RN,NKN,0
VPS-1CPU1GB-0203,192.3.155.230,NKNRzbk7f6yAZZsXEaEWg962uCicQyiY2JVa,RN,NKN,0
VPS-1CPU1GB-0204,172.245.138.13,NKNDXhcM1fxdBo4JfXSKt8u6RRKaj96HKuio,RN,NKN,0
VPS-1CPU1GB-0205,192.227.235.135,NKNZtKPqhHnYvXA17E5A4KKKFseVHKhp311F,RN,NKN,0
VPS-1CPU1GB-0206,172.245.205.214,NKNT8b3yz3cqW4nKvdXcSXnev3pP7S7214XS,RN,NKN,0
VPS-1CPU1GB-0207,192.3.98.206,NKNYxQ83HZBPEinhqHmwJnnYnfoWe67DF1m8,RN,NKN,0
VPS-1CPU1GB-0208,104.168.112.222,NKNXTTDSVNUnbyhiC98KZ6JhKfJf3L8zij22,RN,NKN,0
VPS-1CPU1GB-0209,107.173.196.138,NKNCztDwKFCwztxVFcWLmpe18DgrTjuUCBTa,RN,NKN,0
VPS-1CPU1GB-0210,198.46.252.130,NKNHm1cz28QsXyNM2fX6xbeHim8u3Y3W5Zue,RN,NKN,0
VPS-1CPU1GB-0211,198.46.216.143,NKNHQFY3rgP37tffMzM9B7BoErYXqMCLXPf1,RN,NKN,0
VPS-1CPU1GB-0212,108.174.57.21,NKNHBFWKveZrZQKPDPhpfidwegbJxNc7SmaX,RN,NKN,0
VPS-1CPU1GB-0213,198.46.221.134,NKNRrceKykUmydMF4ubbDkHiwEeAPq9fKiRu,RN,NKN,0
VPS-1CPU1GB-0214,107.175.69.202,NKNXLnftRbSos6xufF26aKCar4tfyoPxXCjb,RN,NKN,0
VPS-1CPU1GB-0215,23.95.233.175,NKNLLtFgSUpMUGNUcDNbiEfi79x7AGSjPzxz,RN,NKN,0
VPS-1CPU1GB-0216,172.245.178.129,NKNNzYfYMsfNVNzWosJchtNLHq184KBTj1mS,RN,NKN,0
VPS-1CPU1GB-0217,172.245.63.141,NKNSmwHawogRGnatCXAy2yjEJ7J5quFyf9zc,RN,NKN,0
VPS-1CPU1GB-0218,23.95.189.171,NKNXodZi36RUhHA6ZY9RGfCYJT5RPz9oynCk,RN,NKN,0
VPS-1CPU1GB-0219,107.173.50.17,NKNaXT8PkjZDp3WLjympuUxPV4GrFDMTWCnr,RN,NKN,0
VPS-1CPU1GB-0220,107.172.142.186,NKNT1TWxDT1rJq3qLPYtZP33iexASDQ7pEra,RN,NKN,0
VPS-1CPU1GB-0221,192.3.98.208,NKNZcigRhHabdEc43ZRQvkHrJmEYWyHoG9cA,RN,NKN,0
VPS-1CPU1GB-0222,172.245.118.225,NKNWkb74Gi2qXTuvhy2jazfPozkzBmriWCuJ,RN,NKN,0
VPS-1CPU1GB-0223,107.174.147.66,NKNN9sv7Zz3q41DCviBBnGsipUsst15bGMub,RN,NKN,0
VPS-1CPU1GB-0224,198.46.216.144,NKNZEdf71VVejM2U7cZUNivVRtnuHQCi89RG,RN,NKN,0
VPS-1CPU1GB-0225,107.173.50.19,NKNDqcByBWQiCoee7Bsy5MnMiRWXia2K2hJh,RN,NKN,0
VPS-1CPU1GB-0226,172.245.63.142,NKNZcGp7sct2YtXinaKoiGUbvJdeWRmkik3x,RN,NKN,0
VPS-1CPU1GB-0227,108.174.57.210,NKNLME91N57wdCnRRBtWSdLtbqnxrjfhpmP9,RN,NKN,0
VPS-1CPU1GB-0228,172.245.138.130,NKNWJaKBntiBEAcXJKBNs53wVuW3AZM3iqcV,RN,NKN,0
VPS-1CPU1GB-0229,167.160.189.128,NKNNrhbEj7dZobf7Vm47wqoUmhjEy2p1wzvD,RN,NKN,0
VPS-1CPU1GB-0230,172.245.138.131,NKNEXj2PETEJBWCp9KL5Q1sw84DqiRz8cLTm,RN,NKN,0
VPS-1CPU1GB-0231,192.227.235.136,NKNZEkv9jDP86Zz7kL1HfNiQ8FbDD35c4uuE,RN,NKN,0
VPS-1CPU1GB-0232,198.46.221.135,NKNR8HfHuVjptNchnhCDEFvXxPBpfRpZQtpM,RN,NKN,0
VPS-1CPU1GB-0233,23.95.193.220,NKNEjrtAT6bTaAtEWsiVNNvLASCxFsbbEDHF,RN,NKN,0
VPS-1CPU1GB-0234,107.172.196.202,NKNMqGewpCeJCc9SaGvyaB3HFDABfNYCs5g8,RN,NKN,0
VPS-1CPU1GB-0235,216.144.233.49,NKNEVwWnAXGQwSBJuwJ7VdnFFELmSyUeF2bY,RN,NKN,0
VPS-1CPU1GB-0236,192.227.235.137,NKNQkJjdChhtzs9e14twvXw6dAsQQXqVRuuU,RN,NKN,0
VPS-1CPU1GB-0237,172.245.110.33,NKNXEA7qfE9V4PJjEkp8ECGLmzmmRQaEsZcD,RN,NKN,0
VPS-1CPU1GB-0238,198.46.252.131,NKNaJx73s17WcjFh1THHaMSBrtBkYLFKVnM1,RN,NKN,0
VPS-1CPU1GB-0239,107.172.90.64,NKNWhpuCGw8VACpL8FN47nEeEQpJSaRnzGq8,RN,NKN,0
VPS-1CPU1GB-0240,198.46.252.132,NKNE2SHNmJsdnGfhBTpxsE6aNKpfonNiH7ge,RN,NKN,0
VPS-1CPU1GB-0241,198.46.253.135,NKNRWGE8cULnse4VpQ9PSzCMuzwB88YyXzFL,RN,NKN,0
VPS-1CPU1GB-0242,23.95.189.172,NKNVCobwJtq5YWwvcA8MKjVzn2EMP1Fzd3S7,RN,NKN,0
VPS-1CPU1GB-0243,172.245.110.36,NKNTxamaWcGuNVmJYa7W8TQZ5uZLymHU1DBK,RN,NKN,0
VPS-1CPU1GB-0244,172.245.119.138,NKND73ZzrVTivMNnribLMXKaCZergqMBe9sd,RN,NKN,0
VPS-1CPU1GB-0245,23.95.189.173,NKNXSuzjzj6D5dzuNP8bEsyYRkszWPTLAR5g,RN,NKN,0
VPS-1CPU1GB-0246,192.227.235.139,NKNYGMcsXkRDVARZ2jTPYSYiRF5d5Avzzavd,RN,NKN,0
VPS-1CPU1GB-0247,198.46.253.137,NKNKSBoXsyESd352Br42Y6fomS6TX6DVU3HX,RN,NKN,0
VPS-1CPU1GB-0248,198.46.252.133,NKNJUy2qh8gk8JKnPzRDjSJHjTjMd3SvpfKN,RN,NKN,0
VPS-1CPU1GB-0249,172.245.118.227,NKNGf3biHXQWXVQgyem3WHpXDC7KH2FykhAM,RN,NKN,0
VPS-1CPU1GB-0250,107.173.6.21,NKNZxfprsb5VnJPN2nNox7jq4LTMPWQkypQE,RN,NKN,0
VPS-1CPU1GB-0251,107.173.236.217,NKNBZyS2wcH3ViXjvyM7XR8niYjc9QQzdjyc,RN,NKN,0
VPS-1CPU1GB-0252,107.175.69.203,NKNRqo3fr5cAYiiPKbXtwTwaLSD8jkiEVbbM,RN,NKN,0
VPS-1CPU1GB-0253,172.245.63.144,NKNQTSyfm6boVLi7PGQ1LRaqDXavnFNiBxBW,RN,NKN,0
VPS-1CPU1GB-0254,167.160.189.120,NKNW1oRYtyEHG1Fc4zsQd5krkGfRiFeAPtgw,RN,NKN,0
VPS-1CPU1GB-0255,198.46.253.138,NKNUqaMdBVqSBmk7Ky1sNt3qopoVWetNgTwT,RN,NKN,0
VPS-1CPU1GB-0256,107.172.137.240,NKNV1WJwJBfEfvs2n8seaT8rQCU1MjNm4AcY,RN,NKN,0
VPS-1CPU1GB-0257,198.23.137.187,NKNDzQuLuPXW9wTBZBMrBgXWaybUTSYUZrzB,RN,NKN,0
VPS-1CPU1GB-0258,198.46.253.139,NKNF9w1SPoKSvpzG5TZ8qpowS3zyfNahoCHd,RN,NKN,0
VPS-1CPU1GB-0259,198.46.252.134,NKNXpu6YxXVsHs9o6ZLEFPy3kcKYVBtp2zMm,RN,NKN,0
VPS-1CPU1GB-0260,198.23.137.27,NKNEtFz4QRHUyr9mRkThRFmNf8RGP5zwiqm9,RN,NKN,0
VPS-1CPU1GB-0261,192.227.235.14,NKNSiA7TEBFfZB4M16T7KY5gBsRGcfEfFnSr,RN,NKN,0
VPS-1CPU1GB-0262,172.245.154.23,NKNDEJqjFv1EaRMCe6t5BdzsgyQfANtvftyh,RN,NKN,0
VPS-1CPU1GB-0263,107.175.69.21,NKNLJyN98f9RZtZBAHybNANiwNz1Kqn86fys,RN,NKN,0
VPS-1CPU1GB-0264,107.172.196.205,NKNJnyg6qAVYa3crTZo36TWJmi5oqgHVkhAi,RN,NKN,0
VPS-1CPU1GB-0265,172.245.138.133,NKNNyMaUKe8f98vWVNhP9UACYViuf2b9FctR,RN,NKN,0
VPS-1CPU1GB-0266,172.245.205.216,NKNN1KzxWFcsEpxHuk2aY5Wg9ahknbaUvEC9,RN,NKN,0
VPS-1CPU1GB-0267,107.173.53.214,NKNTZEm3M9f4nnJACsMqKd9Pivs6TZ9GFpRX,RN,NKN,0
VPS-1CPU1GB-0268,198.46.216.149,NKNRiZbsLNd8vGXFzpx4ThNZnYU4PmpD5uxk,RN,NKN,0
VPS-1CPU1GB-0269,192.210.197.220,NKNLjpzA9b66etvQTpRb6FWfzgdp3gPcfYrK,RN,NKN,0
VPS-1CPU1GB-0270,107.175.69.216,NKNU5qZNxLshQopkzA6aY3yGDEN5uTAj9PrG,RN,NKN,0
VPS-1CPU1GB-0271,107.173.53.215,NKNR2P5LSNmNtGrsmcVRdT24ARU6AxhWAZHr,RN,NKN,0
VPS-1CPU1GB-0272,192.210.197.242,NKNSAbtLV8VZKvspNbyeD3rnVgFgGjCEB7iW,RN,NKN,0
VPS-1CPU1GB-0273,198.46.221.136,NKNWACosdjgoEVoXqhQiFQZq1rvy1Rh4DCfr,RN,NKN,0
VPS-1CPU1GB-0274,23.95.233.184,NKNVRVEWfLAdcMiBbrPLTTHetQATV6kcQ82T,RN,NKN,0
VPS-1CPU1GB-0275,172.245.5.221,NKNQQHdMXKz3dKqFzLtNiccwzQRdNaAJuQTY,RN,NKN,0
VPS-1CPU1GB-0276,107.174.146.134,NKNQcYMLVvfTtsv56byYWKik2nvHWPKJX79X,RN,NKN,0
VPS-1CPU1GB-0277,104.168.59.58,NKNDddmgwjTiVisFzsNyN4Sgex7wLxzD2XA5,RN,NKN,0
VPS-1CPU1GB-0278,198.23.137.28,NKNSiTjx27fCbQ5yeW1qRuEKoLBujuQGkpzH,RN,NKN,0
VPS-1CPU1GB-0279,107.172.143.177,NKNUfEpvZC5QD5JRBr9sdqN4pDTNDWTBrZ85,RN,NKN,0
VPS-1CPU1GB-0280,107.173.179.39,NKNXPdvSQBjN1AJbNVBy8a9gYMdugkS655WE,RN,NKN,0
VPS-1CPU1GB-0281,198.23.137.29,NKNZzL4iAPyCXDSGVsQGNRRcYY2K2pHQFGwn,RN,NKN,0
VPS-1CPU1GB-0282,107.174.146.135,NKNK9CkpeS53pu5eYhFRSyADaiaaCguwqYsg,RN,NKN,0
VPS-1CPU1GB-0283,107.172.196.206,NKNMTYwiT1acPvNzx3H8apeZS3Q6s1Qr3yoo,RN,NKN,0
VPS-1CPU1GB-0284,192.227.235.140,NKNNeYhpQpBRxnaBuomzzXssrsiJ77jtueCZ,RN,NKN,0
VPS-1CPU1GB-0285,107.173.19.29,NKNFGKyTEpAYytqQJHV61v3MtSWboY6oTH39,RN,NKN,0
VPS-1CPU1GB-0286,172.245.118.228,NKNNEGmLLA3xfhqzsWKSS3PkAV2Ezs9k1R7K,RN,NKN,0
VPS-1CPU1GB-0287,172.245.138.134,NKNaZgpFv49eQCapRnZfgfH5EknFSCRBMLk8,RN,NKN,0
VPS-1CPU1GB-0288,198.46.252.135,NKNTMqAPgJshAhBc64b1ZqSHosNACSjeFxze,RN,NKN,0
VPS-1CPU1GB-0289,107.173.55.165,NKNYyFEkf6EpS5yUC8brH16vHG4WoPTLaXC1,RN,NKN,0
VPS-1CPU1GB-0290,192.210.226.227,NKNCzsVZzMNe8Zv95UAZCMZGyuA3wekvNL5n,RN,NKN,0
VPS-1CPU1GB-0291,172.245.178.13,NKNWHTFYdnYGbUy5bbfrBPuHxAKK2cV5h7rQ,RN,NKN,0
VPS-1CPU1GB-0292,172.245.30.104,NKNGrg28WkMKrHQVnvZsfUxafBJyRGDfhE4R,RN,NKN,0
VPS-1CPU1GB-0293,107.172.142.205,NKNWQzKkzJNXpBjiY2KM8n9wRmgpP5EdqJXn,RN,NKN,0
VPS-1CPU1GB-0294,107.174.65.99,NKNBmswqV6H6AiZp9USrVf56GBiN5uLYxVk6,RN,NKN,0
VPS-1CPU1GB-0295,107.172.196.207,NKNDw3c62xEA4TsVY8r9DhszU5UMCvhD1ZVU,RN,NKN,0
VPS-1CPU1GB-0296,198.46.216.15,NKNYtAMKbWa9UmzYWGAZoQHGoSi1XqPHaGdh,RN,NKN,0
VPS-1CPU1GB-0297,172.245.205.217,NKNSg6oKsktQeZ744HZnhjeEvarRw6RpahpV,RN,NKN,0
VPS-1CPU1GB-0298,192.210.197.252,NKNSwVjSRCMKdXyGEi6DwRcUbJunPJNAXgtn,RN,NKN,0
VPS-1CPU1GB-0299,107.172.196.208,NKNE2oS3bvDpTYsQdrpX9V6JmdRopMYdiRSb,RN,NKN,0
VPS-1CPU1GB-0300,107.173.196.140,NKNPKXegXZpr4b6SDbmr3Zi3irNNEdV7myWs,RN,NKN,0
VPS-1CPU1GB-0301,107.173.101.161,NKNL33HHS4BpBqYQenkddob3DkPpxApbgVeH,RN,NKN,0
VPS-1CPU1GB-0302,172.245.205.218,NKNFpgMhBAFJAhx7hhNhanc4yxAJie4BcWZ8,RN,NKN,0
VPS-1CPU1GB-0303,107.172.3.205,NKNMGj37RdvhPYZsg9UcugdMDGYWrsfB7d4D,RN,NKN,0
VPS-1CPU1GB-0304,107.174.144.200,NKNYXbWr73RQYwUrzqbiwM4wsTQubNCgkdys,RN,NKN,0
VPS-1CPU1GB-0305,198.46.252.136,NKNKgUT7SaSTvRRytNV7FTZeDf4WZC6BBPSE,RN,NKN,0
VPS-1CPU1GB-0306,172.245.119.141,NKNTkqnbaGGt6ErLRoLeaokDpBFiUvsK4Bkf,RN,NKN,0
VPS-1CPU1GB-0307,107.174.147.67,NKNamirQPDwkCptGy4houZQQZR3w258Dh6sc,RN,NKN,0
VPS-1CPU1GB-0308,172.245.178.130,NKNGxndYy2bfiDNX1BsRiqjgBotYE9yTQXMB,RN,NKN,0
VPS-1CPU1GB-0309,23.95.233.188,NKNTP8r7PshZeFg2CocVgwCvJ57vcbBRNKQV,RN,NKN,0
VPS-1CPU1GB-0310,198.23.137.31,NKNXwJedmb73jSDzHNkELc3g5tkRzDgSUbTa,RN,NKN,0
VPS-1CPU1GB-0311,107.173.196.141,NKNERzKcjm8fBuz1fifbUnWkt4CjGq9F9weV,RN,NKN,0
VPS-1CPU1GB-0312,198.46.253.14,NKNCmmCh37uZ3kQcEgzErJyTQ4zQe292xEZp,RN,NKN,0
VPS-1CPU1GB-0313,107.173.19.3,NKNHF1GHBS8ebT597btG7C4PU2QsYe28dxjQ,RN,NKN,0
VPS-1CPU1GB-0314,23.95.233.189,NKNYnbSyhp7AjLAp5PCxN7qiF1rgaXkDTWGU,RN,NKN,0
VPS-1CPU1GB-0315,107.175.69.217,NKNM5seZj6F5HJTaB3o4xguinKthzS3FmugW,RN,NKN,0
VPS-1CPU1GB-0316,107.172.3.206,NKNH2KHSxYg3XEpPZ5eS2gERtyFECUbqGte6,RN,NKN,0
VPS-1CPU1GB-0317,172.245.178.131,NKNCv2fYVQQBsnwog4tiwBegzfysv2iSwGUB,RN,NKN,0
VPS-1CPU1GB-0318,172.245.178.132,NKNYyfYsx4NC11JjrED3H2KvDVNwBVe6oaW8,RN,NKN,0
VPS-1CPU1GB-0319,107.173.101.202,NKNYHEFaYbqBkB9DW2Rr8tGp5q14mMyUEWtA,RN,NKN,0
VPS-1CPU1GB-0320,192.3.98.216,NKNL6zA8rm7sf9qrmFShDTDQzAhiZNZApSa9,RN,NKN,0
VPS-1CPU1GB-0321,192.210.226.233,NKNDnXdtWqSd1WAiTHcYxJZhfwZmCW1dfG81,RN,NKN,0
VPS-1CPU1GB-0322,192.3.45.208,NKNDp7gbERp2RFgnG4VhmRCioCerva5HKymy,RN,NKN,0
VPS-1CPU1GB-0323,192.227.235.141,NKNRTxNcLPDUMWT7YkFRTyMdqQYKezWBce9Y,RN,NKN,0
VPS-1CPU1GB-0324,107.172.196.21,NKNMm2zw3GwTNKLYSK64RZ7AaQXg4Ga6uCHg,RN,NKN,0
VPS-1CPU1GB-0325,107.174.146.181,NKNFPsGD9qmJWwc4zzfFB2xejZbApmSyAzue,RN,NKN,0
VPS-1CPU1GB-0326,107.173.101.203,NKNZTDx2Nr7t9akKyBJPdzBHRmqroEh9awCr,RN,NKN,0
VPS-1CPU1GB-0327,23.95.193.222,NKNSwvQzHifmQQkr2yEvAESuJFZM25QJPgFv,RN,NKN,0
VPS-1CPU1GB-0328,192.3.239.163,NKNa9nmTrsSRh422gAyfJqVD6SwZeEAMpQj1,RN,NKN,0
VPS-1CPU1GB-0329,107.174.147.68,NKNZ53qK4zJeWXwmsFVx6SsRR6jrNH8N1dpG,RN,NKN,0
VPS-1CPU1GB-0330,23.95.15.145,NKNSMi6MCAg1QiuezY4P185UhmxegSMCjPzF,RN,NKN,0
VPS-1CPU1GB-0331,107.173.50.23,NKNDzNRSi9ye3F13mDL1y2rKn3Ha1irAhJBh,RN,NKN,0
VPS-1CPU1GB-0332,107.172.140.209,NKNNHUjGRFQFC7wNHPJYJtzCix6XvLYcgdQE,RN,NKN,0
VPS-1CPU1GB-0333,192.3.155.234,NKNZ59u6PeMiZLcrEpu13ZbNqvcSwYLHJny3,RN,NKN,0
VPS-1CPU1GB-0334,107.172.196.211,NKNV12qF39awmerNir5moeTw1PxQGrBXMjqe,RN,NKN,0
VPS-1CPU1GB-0335,198.46.221.137,NKNXKM4TgZhvjKiqp2CM4cadYFiay7BUhBiW,RN,NKN,0
VPS-1CPU1GB-0336,198.46.216.150,NKNHuRdtx9PyCKizy8a17RMejA9T3r1sv58y,RN,NKN,0
VPS-1CPU1GB-0337,172.245.138.135,NKNPY5X2Z3iNmH8QiVFdkwixTkq6kMpmjh2r,RN,NKN,0
VPS-1CPU1GB-0338,192.210.226.236,NKNEs2kE17uf5AufUKDDXtcf2tRCc4vaxhkn,RN,NKN,0
VPS-1CPU1GB-0339,107.172.140.224,NKNKScHFCrPxVrcvDHcyUUmr6G1SfvVc182v,RN,NKN,0
VPS-1CPU1GB-0340,192.3.155.235,NKNXvsbJ5BPtB1T1jaWoXoMdS4hDrtRru2WL,RN,NKN,0
VPS-1CPU1GB-0341,107.173.101.205,NKNNWmGRQHXrBR6emtCpmtdjCA5NS8FRd43J,RN,NKN,0
VPS-1CPU1GB-0342,198.46.216.151,NKNJXQJ7s6FWgfZLppCe3r1BEf2wd92pwvT7,RN,NKN,0
VPS-1CPU1GB-0343,167.160.189.121,NKNMjqUDpDkDzr6QpYpyBpyiCWwWBajw5eMp,RN,NKN,0
VPS-1CPU1GB-0344,198.46.221.138,NKNSDKKqmBWsFSmFAEhc7aJEqMY2uoS1NsyZ,RN,NKN,0
VPS-1CPU1GB-0345,192.3.155.237,NKNYGrh7ozw5D2tqjHaKMMLzjQWrhf7HQr84,RN,NKN,0
VPS-1CPU1GB-0346,107.173.236.219,NKNSJRfdr8A1S4EsLByB6K7zpBuwWbUNVMex,RN,NKN,0
VPS-1CPU1GB-0347,172.245.30.105,NKNX2jp87yZN6BX1HmGF2pCPJbCCkaNg3Drr,RN,NKN,0
VPS-1CPU1GB-0348,107.172.142.21,NKNLmWdHyB28ErTRBZDdAga8QwVyQxWNg1Pz,RN,NKN,0
VPS-1CPU1GB-0349,107.174.147.7,NKNFmpPW6woAAkjS8VLNRJqZSSTXYjaJn7Px,RN,NKN,0
VPS-1CPU1GB-0350,172.245.154.230,NKNHGbPH6wKEfqxUoFyjbWGNemihtPQDkXKU,RN,NKN,0
VPS-1CPU1GB-0351,192.3.155.240,NKNKzF5beKLKfJ9BeaMjRiyNFLDe5Rz2zSSy,RN,NKN,0
VPS-1CPU1GB-0352,107.172.137.241,NKNVhtZUDxUp4259dKfv3cnvCcPJnRgWzowL,RN,NKN,0
VPS-1CPU1GB-0353,107.173.101.206,NKNZQpnhDfv4ep2mE6vAS3Ea4gqJAwqipiEz,RN,NKN,0
VPS-1CPU1GB-0354,192.3.155.241,NKNMvgxMLFY6qUKoYVrpWaDogq4xmjEyGojJ,RN,NKN,0
VPS-1CPU1GB-0355,107.172.142.210,NKNQUeXhS562zC5uXpDduAmAGEsfzmp1rHHc,RN,NKN,0
VPS-1CPU1GB-0356,107.172.196.212,NKNVTFcVV4RuQGEz3JTg1BR6G9MnEk8U4jqb,RN,NKN,0
VPS-1CPU1GB-0357,107.173.19.30,NKNL2eFTvTVueo8FPkpwdpbUMeBokLT7xd8m,RN,NKN,0
VPS-1CPU1GB-0358,108.174.57.214,NKNCuHoXLgxbg2zi9s3Vq9pndkVD7dGWWqAE,RN,NKN,0
VPS-1CPU1GB-0359,107.173.236.220,NKNEJb2GjX9YZm1BrGmYA93hDHDuFJ78EXNs,RN,NKN,0
VPS-1CPU1GB-0360,107.175.69.219,NKNWETd4aMcAj8krnaYobDNLJhDqcp4w5Yb6,RN,NKN,0
VPS-1CPU1GB-0361,108.174.57.215,NKNHUAK7uL23WgjX8LmnhFwNWdTZkeBPoduV,RN,NKN,0
VPS-1CPU1GB-0362,198.46.216.152,NKNMYmAvqryjyHCDPnqNqFhgMMV6L5332oMS,RN,NKN,0
VPS-1CPU1GB-0363,108.174.57.219,NKNSDyvnUDcgLRZ8QwuG8MC7mvfRe8ic5jfU,RN,NKN,0
VPS-1CPU1GB-0364,192.210.215.196,NKNEEN7VCS1WuTk9A738LYABS1npcUpycsbn,RN,NKN,0
VPS-1CPU1GB-0365,198.46.216.153,NKNK4T6tnjp3pEX8ZMfpfjoHFC2KMYG4Uz2k,RN,NKN,0
VPS-1CPU1GB-0366,108.174.57.22,NKNCrn3fCj4x3DHrWVhaCfSRMDfkSjudrbgx,RN,NKN,0
VPS-1CPU1GB-0367,192.3.239.207,NKNYa7BoP3URURaG11v22fCvwGGZa7U7FCUK,RN,NKN,0
VPS-1CPU1GB-0368,23.95.193.223,NKNU3bmNGgk6CaVnGaUVtrKQRWQE8EjFuGsN,RN,NKN,0
VPS-1CPU1GB-0369,192.210.226.237,NKNXiEiZWAVDjHQHnqL2jHuuRaXPJt3XJtT3,RN,NKN,0
VPS-1CPU1GB-0370,198.46.216.154,NKNZBcS6TkWbeBYnGfX88UYdcoqRRYL2LF1t,RN,NKN,0
VPS-1CPU1GB-0371,107.172.196.214,NKNX3P1zX3BU3BtxzjgybLGiC4WCURP8skV2,RN,NKN,0
VPS-1CPU1GB-0372,107.175.69.224,NKNNKKrSoE8T5XhiaAK3RYrJBs9oczShVMW7,RN,NKN,0
VPS-1CPU1GB-0373,107.172.90.65,NKNSeXhx93J4ekjq6SWvMtKkzgmjmC3Gemg5,RN,NKN,0
VPS-1CPU1GB-0374,192.3.98.218,NKNGHAeHmh5jKDnvuAF8nsViWnRQzp5UdYS4,RN,NKN,0
VPS-1CPU1GB-0375,192.3.239.208,NKNDXWmX6bSTRKuqcypEuz6gvufEdP7nRcCx,RN,NKN,0
VPS-1CPU1GB-0376,192.3.155.242,NKNUEx8iG49E8oKYL19PX2ZNExH7L74xiR9m,RN,NKN,0
VPS-1CPU1GB-0377,107.175.69.234,NKNY9iV37SqGwS4XUUzAaL7djKpWrBYNPKCv,RN,NKN,0
VPS-1CPU1GB-0378,172.245.30.106,NKNKKebBdyxTW4pzr8dWpWESRoYSgFxik5hM,RN,NKN,0
VPS-1CPU1GB-0379,23.95.15.148,NKNBZ5S7RtwfZP1ikcPFSePxZKMgP4djSJnR,RN,NKN,0
VPS-1CPU1GB-0380,192.3.155.244,NKNRPZYuLr9So2JCgpwmYuxnRd8VdNhFKYet,RN,NKN,0
VPS-1CPU1GB-0381,107.174.146.201,NKNDwDrn7V2b832ZcXKUpRTY7zG363JBsme4,RN,NKN,0
VPS-1CPU1GB-0382,172.245.154.232,NKNXhJ54ZzoG4DFpi4mvNCH7XDeLJqhheguy,RN,NKN,0
VPS-1CPU1GB-0383,107.175.69.235,NKNTA3F3zFKrZRiZ3jWY95Rj49bJptL7MFNj,RN,NKN,0
VPS-1CPU1GB-0384,172.245.63.146,NKNGoFv2iHNg7SaEaf8kqV6s8kdcFRNTAgMg,RN,NKN,0
VPS-1CPU1GB-0385,107.175.69.236,NKNUnYAgL6xs7LA3ipAAqC1BWeY5VPFSFm4Z,RN,NKN,0
VPS-1CPU1GB-0386,192.3.98.219,NKNSY5sXEpQq2TGH267H8t2Udm3Jer7cmfeJ,RN,NKN,0
VPS-1CPU1GB-0387,172.245.138.136,NKNQfG3tUm5odoq1ifbM7KRc5ZDTJteyANbo,RN,NKN,0
VPS-1CPU1GB-0388,198.46.216.155,NKNR1PX7CfyCPtq5i4Pxs4dNW1rtrP86xnQG,RN,NKN,0
VPS-1CPU1GB-0389,198.46.221.139,NKNHfFpcaQ6HLNKwf2UaukhiL6d8Jt5A3VQd,RN,NKN,0
VPS-1CPU1GB-0390,172.245.178.133,NKNLcGyCiwFFwVgcQx1CY85QKJyxAu5rsqCd,RN,NKN,0
VPS-1CPU1GB-0391,192.210.233.106,NKNQBRnyLbvegzCWjNYoA47dRCnHHTVmVwqE,RN,NKN,0
VPS-1CPU1GB-0392,107.173.101.207,NKNUapocr42gRX2ECYHdqMJsc4e3WnToDER2,RN,NKN,0
VPS-1CPU1GB-0393,198.46.216.156,NKNUhLmqMckRBC7vz7rNtYoXbHmxSDAy7Hxz,RN,NKN,0
VPS-1CPU1GB-0394,107.173.50.25,NKNNaxhmiYQDoZTU1yDQZyRMWLymgLcnH7m4,RN,NKN,0
VPS-1CPU1GB-0395,107.173.196.142,NKNNZm8sByvf5hjk2XZKo825Q3dUG12GN2j7,RN,NKN,0
VPS-1CPU1GB-0396,107.172.142.212,NKNLfjm55LZMkYDeSD6i3AK7BSPVXXp8sHwq,RN,NKN,0
VPS-1CPU1GB-0397,108.174.57.223,NKNYXru92JymoHnngZCPyjozp89Tn2EpHdGj,RN,NKN,0
VPS-1CPU1GB-0398,172.245.138.137,NKNLkywvKTjVy6g3BL1yjcPhTRJnbYaUUzYD,RN,NKN,0
VPS-1CPU1GB-0399,172.245.180.228,NKNGD9tXhyNcxnw7iDh9KyBVAyogo2p6vGYn,RN,NKN,0
VPS-1CPU1GB-0400,167.160.189.122,NKNEMqZNQKB89d8KjwMJh3WGDApKiR8ZpExH,RN,NKN,0
VPS-1CPU1GB-0401,108.174.57.23,NKNLjWzdAoyqFp1R8mp7Kirfgo8GLib6dLfH,RN,NKN,0
VPS-1CPU1GB-0402,107.173.101.209,NKNHnUnDqTiYixs83YadEiznECD4i72SVuFC,RN,NKN,0
VPS-1CPU1GB-0403,172.245.30.109,NKNERfjcwmjQVwcAVrJnTfqBc16RJP175oVF,RN,NKN,0
VPS-1CPU1GB-0404,172.245.63.147,NKNXkujSkKJ8mdap1JiHLbKEwA6ibPExrYHQ,RN,NKN,0
VPS-1CPU1GB-0405,107.172.90.66,NKNZ9dUMpvg98jqvprTeBfTqh1ECHicLKPSc,RN,NKN,0
VPS-1CPU1GB-0406,198.46.252.137,NKNEKLnQsmKFZ2QrLSKmnxdPp8CztuGdUCu5,RN,NKN,0
VPS-1CPU1GB-0407,192.227.235.143,NKNUKL4HPFCTtARYqEvovjsjAPjjkvSf8jC5,RN,NKN,0
VPS-1CPU1GB-0408,107.174.146.202,NKNLd2Lg8mWLbe9C8CV7Dobw1EpfR14s4E4W,RN,NKN,0
VPS-1CPU1GB-0409,107.175.69.237,NKND3ySgeY8whqYqrQgyKNgR9YTRmPKF6X6f,RN,NKN,0
VPS-1CPU1GB-0410,198.46.216.157,NKNJwKSzTssCX7YKHrZQcGk5LdppD15Awgjs,RN,NKN,0
VPS-1CPU1GB-0411,172.245.63.148,NKNZZBpCXzmQtw1fRTYEtUZ6Rrf6a9PkhGSi,RN,NKN,0
VPS-1CPU1GB-0412,198.46.253.140,NKNSvG58WewmDPdo5qxfoyVrSGzZwMYUVJtZ,RN,NKN,0
VPS-1CPU1GB-0413,192.3.98.22,NKNN6svUBGzFBpKzvUJt9yNhHhEJkRVvK5ay,RN,NKN,0
VPS-1CPU1GB-0414,107.174.146.203,NKNYkt8omGDPW6MscgFFYXRZxT87VaHzP9xs,RN,NKN,0
VPS-1CPU1GB-0415,192.227.235.144,NKNLaY8BzeW5gC2V2K9DPCsDu7mCtqgs2FoA,RN,NKN,0
VPS-1CPU1GB-0416,172.245.30.11,NKNY6cAv3MRkwwyca1wTAritNAU8Ug82R7ax,RN,NKN,0
VPS-1CPU1GB-0417,167.160.189.123,NKNFbih9R7bdKpHiUWNStVdXSFU95NSh9jqD,RN,NKN,0
VPS-1CPU1GB-0418,107.172.90.67,NKNT3Nyg4hpZrKAtkUfmaitHx2F2HEvoPRj1,RN,NKN,0
VPS-1CPU1GB-0419,172.245.205.219,NKNa6yyVUTZNXqcziERDmJbDcyLkJdxuPQyY,RN,NKN,0
VPS-1CPU1GB-0420,172.245.205.22,NKNMwSUJBGQdJV46FPzf74k2EtHPtVohE1VM,RN,NKN,0
VPS-1CPU1GB-0421,107.173.19.34,NKNFmnmmBEQtJvueNaGUCqkM82cBLviKzpMs,RN,NKN,0
VPS-1CPU1GB-0422,198.46.221.14,NKNXN1XzeTE7917ZjR7kYdfm7mzDTPSmH2tc,RN,NKN,0
VPS-1CPU1GB-0423,107.174.146.211,NKNWd2sGv2J2Aj8fuRN9XLGLqyG33KUeGp7e,RN,NKN,0
VPS-1CPU1GB-0424,192.210.226.239,NKNK34hCcthd1h72jjXKVoX9iiq8DM4xBdnN,RN,NKN,0
VPS-1CPU1GB-0425,107.175.69.239,NKNX861ku4oogXd3SgyowDFdbAtqSLzdPciS,RN,NKN,0
VPS-1CPU1GB-0426,172.245.178.134,NKNSNnGWZsFXN1KBxqKitCG4rQwpD5A5tvHp,RN,NKN,0
VPS-1CPU1GB-0427,172.245.138.138,NKNBq5pYs1a3fgkYQyWjBoZ5n3dn99fVefnq,RN,NKN,0
VPS-1CPU1GB-0428,107.172.90.68,NKNPMGHPH4rFXiQfD9kX22UJ4L7bS4yk3sYa,RN,NKN,0
VPS-1CPU1GB-0429,198.46.253.141,NKNNWWvfwTBtECxcvuc2rsUg6KGYcJXpmSgd,RN,NKN,0
VPS-1CPU1GB-0430,107.172.142.214,NKNU8WPbrXmZJQYaLkmuUwx8xvtz3bbboSVw,RN,NKN,0
VPS-1CPU1GB-0431,192.210.226.240,NKNERY7bNpd8rVGRFVb75dZHzi1wfw8CG7eP,RN,NKN,0
VPS-1CPU1GB-0432,192.3.155.245,NKNZFgmbYnaxReyB98gz85ZN136ZVkfzGiGm,RN,NKN,0
VPS-1CPU1GB-0433,192.3.155.246,NKNZn6ceMLpStoMpbW635m2AoRCLoymRkoaJ,RN,NKN,0
VPS-1CPU1GB-0434,107.173.196.143,NKNHDCoJ4pTrSUkKSByog46pcqejrAaJzPid,RN,NKN,0
VPS-1CPU1GB-0435,172.245.30.110,NKNCt2xWFJuavDKB7BewwF3RMwt4LY1H5jfK,RN,NKN,0
VPS-1CPU1GB-0436,23.95.193.224,NKNSG4BrssUSH7L3AnUbBa54cYVhuJYjppeu,RN,NKN,0
VPS-1CPU1GB-0437,107.172.142.216,NKNQW7yXRRnHNjdWUYTqfYbgSnJpVQv2epee,RN,NKN,0
VPS-1CPU1GB-0438,198.46.253.142,NKNWxn7c1v2T3zNroWqriKmKC3RdsC7zExYB,RN,NKN,0
VPS-1CPU1GB-0439,107.173.101.210,NKNGZScF5htooKmUZaK9T2o1HkJ3XKCtsfPN,RN,NKN,0
VPS-1CPU1GB-0440,192.210.233.107,NKNBhirUD9JB15y3CHZV6NQbT3aoaxukHQGT,RN,NKN,0
VPS-1CPU1GB-0441,192.227.235.145,NKNJkDDMkFBXKVXeC9RYCGKMDsLZPxBL8SqB,RN,NKN,0
VPS-1CPU1GB-0442,198.46.221.140,NKNFJgkcrUZyJe6Bo6kYyKcDTSYDyUg7Exxc,RN,NKN,0
VPS-1CPU1GB-0443,198.46.221.141,NKNUspL9BE3GKzhAP6EfnQSVfnN66NL65p4s,RN,NKN,0
VPS-1CPU1GB-0444,192.210.226.241,NKNFLaEZjFCGMa6AMvpmBi95wL1CVmawypFy,RN,NKN,0
VPS-1CPU1GB-0445,107.172.137.242,NKNZwtuMqTg8jUN1yUWthg8DSyJjJfg1n3b3,RN,NKN,0
VPS-1CPU1GB-0446,107.172.137.244,NKNPEBDmVbYhD5UvpFxVz6VgMKJimU5bhuC2,RN,NKN,0
VPS-1CPU1GB-0447,107.172.90.69,NKNLjFCkvijq3EMjBUfZNve3oXschKHTU26m,RN,NKN,0
VPS-1CPU1GB-0448,108.174.57.234,NKNZWoEo2jWXYAsnD18wR54bTHtJdyKw2dhG,RN,NKN,0
VPS-1CPU1GB-0449,107.172.196.22,NKNWeMwTrnmAmYZcyR8wTCd6GJzuNTUcg2Ki,RN,NKN,0
VPS-1CPU1GB-0450,192.3.155.25,NKNWhgAfWVYgYppXBZxWWoH55SggiwEJnRxo,RN,NKN,0
VPS-1CPU1GB-0451,107.172.137.245,NKND21bJb82ZqDMEPuYzBV6fkeokntAwoMvP,RN,NKN,0
VPS-1CPU1GB-0452,198.46.252.138,NKNNTAYNR7eMgezxnTwx8gW6YLdXYihoBvz1,RN,NKN,0
VPS-1CPU1GB-0453,107.172.196.245,NKNQEbVfNyQYB2vPutVJiknMdfJ2uBBi232b,RN,NKN,0
VPS-1CPU1GB-0454,172.245.205.220,NKNS3zBBPobE6iXQcbga8dSBBSUoTuJxcvuN,RN,NKN,0
VPS-1CPU1GB-0455,192.227.235.146,NKNDcmnRNM168e1ZtrG15gyrmWLuaXnopZZW,RN,NKN,0
VPS-1CPU1GB-0456,192.210.233.108,NKNYKAehk7QvMuHWLoaEJamfACfRBFMzndSx,RN,NKN,0
VPS-1CPU1GB-0457,198.46.216.158,NKNWrsMz3zg5vfmxCRoyLsDNZaxSXqkQgpj6,RN,NKN,0
VPS-1CPU1GB-0458,107.172.196.246,NKNFM966iAjR24WZWRuHyLpvLFXVmb9fLET7,RN,NKN,0
VPS-1CPU1GB-0459,172.245.205.221,NKNHyRHicoj2dLyBTn6XACuifRSvVhzQzV7s,RN,NKN,0
VPS-1CPU1GB-0460,198.46.253.143,NKNajqaWb2CbvU9tRXsmhESYvf8k7JW1oDBD,RN,NKN,0
VPS-1CPU1GB-0461,172.245.205.222,NKNCjKPVfCAkie7gp7KydC62iAzsGs17dHDY,RN,NKN,0
VPS-1CPU1GB-0462,192.210.226.247,NKNQC4JfWvtEb8nEBkyJga9a32DxiivvGzNs,RN,NKN,0
VPS-1CPU1GB-0463,107.173.50.27,NKNUqdaFhP7vBW3AcQxCpFZAamDh67JG5GjC,RN,NKN,0
VPS-1CPU1GB-0464,167.160.189.129,NKNZvS524pGDbdodmS4KBkGSA16dCKMwVpsH,RN,NKN,0
VPS-1CPU1GB-0465,192.210.226.252,NKNRWe9TE1MiyCTnrCe2fqjN7ZbVE9s7R7AD,RN,NKN,0
VPS-1CPU1GB-0466,198.46.216.159,NKNZh43FfoVnnV11Hx7PCZtuGBuHjz8623Wk,RN,NKN,0
VPS-1CPU1GB-0467,23.95.233.190,NKNGY3qAS6epokggD2CbXGbB5FX3gca1sR3h,RN,NKN,0
VPS-1CPU1GB-0468,172.245.178.135,NKNWTWg61wKfbsA2FL32sXPJxsFCJsorGSBe,RN,NKN,0
VPS-1CPU1GB-0469,107.173.50.3,NKNC1LG5NJAs9PYNVHUAFWhUuCiF4GHEim7J,RN,NKN,0
VPS-1CPU1GB-0470,23.95.233.191,NKNUccYQDhwEQVuVMTUS7wyJTeVe2ckWkfn1,RN,NKN,0
VPS-1CPU1GB-0471,107.173.19.35,NKNGNd7FAo6xiTfdDSx58Kn7RBYkHvVXDQiB,RN,NKN,0
VPS-1CPU1GB-0472,192.3.98.221,NKNUGQushp8f7FPp9razMDCrMEYMdN65U3FT,RN,NKN,0
VPS-1CPU1GB-0473,172.245.30.115,NKNV9khpddDDXXFaN9gDtbTTiZcnVGR4oogp,RN,NKN,0
VPS-1CPU1GB-0474,107.175.69.24,NKNWh9diGUK4vT6B5RdUKGi9Bj4NbGHAxuuD,RN,NKN,0
VPS-1CPU1GB-0475,192.3.155.250,NKNSFUkSnpaP2W2xqpiVPVTAR74ccRUqrmYp,RN,NKN,0
VPS-1CPU1GB-0476,107.173.196.144,NKNWPYxn1gkJsB3pryQaKeSYHVEdtN2kgLEo,RN,NKN,0
VPS-1CPU1GB-0477,23.95.193.225,NKNKTWVwujrBwSqN7Tuv48zE3CjyStTP6Qqm,RN,NKN,0
VPS-1CPU1GB-0478,198.46.253.144,NKNabgXvDbfJivwx8szkFVqDXEr7XTdGPnzN,RN,NKN,0
VPS-1CPU1GB-0479,108.174.57.236,NKNST6ES8afB4BkqpHf5HJL7csQ8gKM7qukM,RN,NKN,0
VPS-1CPU1GB-0480,107.172.142.220,NKNDUFoYu9gbxdKZeL75KCtYgxaXo6wPZt7q,RN,NKN,0
VPS-1CPU1GB-0481,23.95.193.238,NKNLNCZyEBuD2dMbK69AowQRvbbADghpWkdV,RN,NKN,0
VPS-1CPU1GB-0482,172.245.63.149,NKNaLArUnfnkSJXR1TFMXQfbpAW1DXnmq4G3,RN,NKN,0
VPS-1CPU1GB-0483,107.172.196.248,NKNSxag6U3NfuTT2cPbHSUX8ajVePfFdPgm9,RN,NKN,0
VPS-1CPU1GB-0484,198.46.253.145,NKNV4EEevYFyGk9186p4ieXbgoznCfBtw2eJ,RN,NKN,0
VPS-1CPU1GB-0485,107.173.19.36,NKNaVeaB2WB6APmFw84VAF914ou5sbjbEiTE,RN,NKN,0
VPS-1CPU1GB-0486,107.173.101.211,NKNRXtMbmbRPQL6NxmxQJAsr8sUepSE9GSjA,RN,NKN,0
VPS-1CPU1GB-0487,107.173.19.37,NKNTM6qTDnEwor9FRcCpVjizrM2W6Kj19L2d,RN,NKN,0
VPS-1CPU1GB-0488,107.173.101.212,NKNN78pLhWiysSxiDyP3TcG2KRv2Rtt4z8hF,RN,NKN,0
VPS-1CPU1GB-0489,192.3.155.27,NKND745xjhZaKTeHKC1xwdtDHGgWp5urmkHL,RN,NKN,0
VPS-1CPU1GB-0490,107.172.90.70,NKNV4kJHs3rYA4dkgggBLQcjTM5XCGLYXZV2,RN,NKN,0
VPS-1CPU1GB-0491,172.245.30.116,NKNKUT2tkqewYqtLBit1woU2yG65Fc6WJzeQ,RN,NKN,0
VPS-1CPU1GB-0492,107.172.157.171,NKNY9jHW9v1WgxS3Efo3YdLeYhFJPrEEnRLu,RN,NKN,0
VPS-1CPU1GB-0493,23.95.193.183,NKNHgiQC8nvs2L7MRymS89rdfArwXF68vkmF,RN,NKN,0
VPS-1CPU1GB-0494,192.3.98.227,NKNJ1CfyM85TLog3Zuw2SnTurFFAwk5R3tAt,RN,NKN,0
VPS-1CPU1GB-0495,172.245.63.15,NKNV8qyaJNWVBypmrDq6QnT2DQL4QGBPmNv4,RN,NKN,0
VPS-1CPU1GB-0496,198.46.253.148,NKND3c6ApCF8dTsHs6kyEwkZPowj16Hd1Unk,RN,NKN,0
VPS-1CPU1GB-0497,192.210.226.28,NKNCKu2VKVb51aGMeS88M9TZMkUVPVWcdFhc,RN,NKN,0
VPS-1CPU1GB-0498,23.95.233.193,NKNHxPs5RPumTNjNzrZVR1m3ExAShFtGMhEE,RN,NKN,0
VPS-1CPU1GB-0499,107.172.76.57,NKNCqs7aHFnFSaZtPqmtMDEBTNoxJ5tTpF5y,RN,NKN,0
VPS-1CPU1GB-0500,107.172.196.185,NKNKkLPRRswvXSH4raRkhBJSgyKFSdE9W1wV,RN,NKN,0
VPS-1CPU1GB-0501,192.3.155.5,NKNLLoPRHXuwLbPxfyJcy1dR3RJgrjqrPkrz,RN,NKN,0
VPS-1CPU1GB-0502,172.245.119.143,NKNK43p5T9HjbRyNJ6CyKR5YCbDHxmJS9Y62,RN,NKN,0
VPS-1CPU1GB-0503,172.245.205.224,NKNCGPQJ1V4KYvAKa6cNKQG8A3v5kgPczJZN,RN,NKN,0
VPS-1CPU1GB-0504,192.210.226.29,NKNK62DgR5G6gQnXrAfwNRYmc9TrV1aW7r5i,RN,NKN,0
VPS-1CPU1GB-0505,23.95.193.228,NKNaF4aMaepkvZGU9u9mPusnVp6TznhAXENF,RN,NKN,0
VPS-1CPU1GB-0506,192.210.226.31,NKNZQuZe3gv9h6Tnei6oxASqEqscigMpSqXo,RN,NKN,0
VPS-1CPU1GB-0507,172.245.180.233,NKNH491UexwRg1G7uU4gUCJMbDMmb65EbnEd,RN,NKN,0
VPS-1CPU1GB-0508,198.46.253.149,NKNa46L67LxikcRx5Sdi1WgYzSRQWh6ELegM,RN,NKN,0
VPS-1CPU1GB-0509,107.173.196.145,NKNWDcDh7ad5Stdogx39JtxXxjrgy8cUEw86,RN,NKN,0
VPS-1CPU1GB-0510,192.3.155.52,NKNXDk9oVezWJwJXDV5axziursF7vrEmN1Ba,RN,NKN,0
VPS-1CPU1GB-0511,198.46.216.161,NKNKHHkZYxdndsvzB1mcno4hrk8uZNkZMp2W,RN,NKN,0
VPS-1CPU1GB-0512,192.227.235.147,NKNTfNPzg7ncaP5oH8KhyMnVrTywmd3Hsbe2,RN,NKN,0
VPS-1CPU1GB-0513,198.46.252.141,NKNF1AQr3Yj7Uf1k6H4kAjtMAMEgKZZMLmx4,RN,NKN,0
VPS-1CPU1GB-0514,172.245.81.227,NKNJjhqbRhncN7P14E2dFCkTGTEtELV5ZKH3,RN,NKN,0
VPS-1CPU1GB-0515,167.160.189.130,NKNZKLHmr5oLrssKAczLFSPHBxmwifnQoBjf,RN,NKN,0
VPS-1CPU1GB-0516,172.245.205.225,NKNW9NDKdo8wLA5UHZzxTo8c1jzV9RV2xEQA,RN,NKN,0
VPS-1CPU1GB-0517,192.3.155.53,NKNGLHac58iqSxstkqBBDxnqWH7KwHMCJdMB,RN,NKN,0
VPS-1CPU1GB-0518,107.172.196.28,NKNXVkTwCqpKV7Pd3J9wBHgUe8hJVyHHpeZ3,RN,NKN,0
VPS-1CPU1GB-0519,107.173.6.22,NKNCRPqJURPp9TvXZLrTBHnvg5ZBNnxmSHhn,RN,NKN,0
VPS-1CPU1GB-0520,107.173.196.146,NKNCSJEY4A8Ms58xZGtASd8R6JCfYaz5ahu7,RN,NKN,0
VPS-1CPU1GB-0521,192.3.98.229,NKNFfzAdCWxLLverPVFMF8bt28Roq5PygU6g,RN,NKN,0
VPS-1CPU1GB-0522,107.173.6.24,NKNM8grHK4tRPZYWCJ1EKS8Ffm84gxwUkbH3,RN,NKN,0
VPS-1CPU1GB-0523,192.3.98.230,NKNYWpt3uCCnAoyQMHpE2RzvUiUg4FsGoymv,RN,NKN,0
VPS-1CPU1GB-0524,107.173.196.147,NKNJbNHkhQcXdzrjF3PKXgkM4byE6GWjQrZu,RN,NKN,0
VPS-1CPU1GB-0525,107.172.137.246,NKNJDLNfPVggVnPFVgJT9McVit2EbSWvTLXr,RN,NKN,0
VPS-1CPU1GB-0526,107.173.196.148,NKNP3iTSUNTA7J6JS2S3Bd5bKZvpbdndLXsa,RN,NKN,0
VPS-1CPU1GB-0527,192.3.155.6,NKNCBGa8gZPYy19g8nDNJC3gsc8Ry7PiKNRv,RN,NKN,0
VPS-1CPU1GB-0528,192.3.155.63,NKNDB5AjszdHNbE8BARjAkwTtKh3kCyk7mt5,RN,NKN,0
VPS-1CPU1GB-0529,172.245.178.138,NKNC1jPSFTz6RhggT4ZgSe28tfNFoS2gLbe8,RN,NKN,0
VPS-1CPU1GB-0530,107.173.19.40,NKNW9rY9t1MhEtnSoqSc7HMf4fq7NePRMf2i,RN,NKN,0
VPS-1CPU1GB-0531,107.173.50.31,NKNVHhFKKYdTHQ3iXio94cuAr8mxtQJQoTTo,RN,NKN,0
VPS-1CPU1GB-0532,198.46.252.142,NKNHaD17aAnEpb5AESNHd4K9dxFMqsbrrfr9,RN,NKN,0
VPS-1CPU1GB-0533,192.210.226.33,NKNU65HibyUpCzVnARePt97dWcpjHaTQLNgv,RN,NKN,0
VPS-1CPU1GB-0534,107.172.196.29,NKNUtDhug2GjpSo9RjhhDPqjaCkuU15AeMmb,RN,NKN,0
VPS-1CPU1GB-0535,172.245.138.14,NKNDaxejEqLPKoSMULsKt2mB145PHdTLwFmb,RN,NKN,0
VPS-1CPU1GB-0536,107.175.69.240,NKNVeZBPSrtBHGEVoiDZ5VZg2PNQ4hfdTJho,RN,NKN,0
VPS-1CPU1GB-0537,107.173.55.168,NKNV9wiRYy1dceyqiTXBxgvJHHLH1MdJZTRR,RN,NKN,0
VPS-1CPU1GB-0538,172.245.81.233,NKNSRh2Mq7aKXLFX4AMxSDTUauTpkxgFpSxJ,RN,NKN,0
VPS-1CPU1GB-0539,107.173.19.41,NKNGT9hZTAn3EksMz9XYm3PiMzv96jZ9n1Xm,RN,NKN,0
VPS-1CPU1GB-0540,107.173.229.110,NKNK4buixCqeg8Bb4Vs5vqGfszFRTWAJ99ka,RN,NKN,0
VPS-1CPU1GB-0541,107.172.157.174,NKNEm7x7R2vbexKXPQbzpWED2xMe9CUjVVz4,RN,NKN,0
VPS-1CPU1GB-0542,192.210.226.35,NKNX2JvQdpte7TihKBVrPjRZAyhma9LHkvur,RN,NKN,0
VPS-1CPU1GB-0543,172.245.138.140,NKNXWusb2uGPafzeKJxbHF8vpyVpdPJ1cuNe,RN,NKN,0
VPS-1CPU1GB-0544,172.245.81.235,NKNGtAJPHDWXwXXwLoWdUxGrqFEeNKtMzfiq,RN,NKN,0
VPS-1CPU1GB-0545,23.95.233.198,NKNFZRXAN41NqHy3rXgCV4PTPpMnmtuxaboU,RN,NKN,0
VPS-1CPU1GB-0546,192.3.98.233,NKNMffE5ncYahmE74kjRAoqM6sDLUY338VDX,RN,NKN,0
VPS-1CPU1GB-0547,192.227.235.148,NKNVy9jpKHch4xkmonZiP5Z2Q3cVymRW6jr1,RN,NKN,0
VPS-1CPU1GB-0548,107.174.144.207,NKNE9xZ1xcC6qjce73q3JJsHLYFc7xPGqwvT,RN,NKN,0
VPS-1CPU1GB-0549,167.160.189.131,NKNMMsW7zvwJJhWVdvtq3jdavfLQjuQaz1Si,RN,NKN,0
VPS-1CPU1GB-0550,192.3.98.238,NKNFyAgwpj6L5thjex7mQozCR6Gw9EFLqtL7,RN,NKN,0
VPS-1CPU1GB-0551,172.245.178.139,NKNFrQ9PDBQNLusDM5njwqXgriUUPHGCyWau,RN,NKN,0
VPS-1CPU1GB-0552,172.245.81.240,NKNCup9kiGMkjADggddBS7yW5L7jZqFeesiG,RN,NKN,0
VPS-1CPU1GB-0553,192.227.235.149,NKNKYvnounTpeokXoQLpjApnbPwUgJquguhZ,RN,NKN,0
VPS-1CPU1GB-0554,172.245.63.150,NKNMDoEWsxvdUirJ7VqL3DPAkkjBQyck8AXf,RN,NKN,0
VPS-1CPU1GB-0555,167.160.189.132,NKNVqw4CUk1DPgNVHJYXwzdhK65wNZUnFYHo,RN,NKN,0
VPS-1CPU1GB-0556,192.3.98.239,NKNCWQrXg2FN4Rzv2vtVcwc4jU5NSVv8s3zT,RN,NKN,0
VPS-1CPU1GB-0557,107.173.101.213,NKNVYNnknWvWdzHu8SM5aQyZqd2cZM2ozkBQ,RN,NKN,0
VPS-1CPU1GB-0558,107.172.196.30,NKNYpWj51osZ6bpMqxcBGhBcv27K9vPYd6XG,RN,NKN,0
VPS-1CPU1GB-0559,198.46.253.15,NKNXZie6s8m8Jxt4RTr97aRQHTbAxKmRzmx5,RN,NKN,0
VPS-1CPU1GB-0560,198.46.221.122,NKNXGpPrspKqKDbaWAX3zcD2oTvcPKYCDP8D,RN,NKN,0
VPS-1CPU1GB-0561,172.245.178.14,NKNadBiwgG9kRivV3nznH9Shim4AcHPintpz,RN,NKN,0
VPS-1CPU1GB-0562,198.46.221.142,NKNEsenrWNqq5cjdrNgyRPzp824h6Qo8gEUt,RN,NKN,0
VPS-1CPU1GB-0563,107.172.76.60,NKNJ82GYLZ8kgpNan22kjeDBTk5ahgY4g9oE,RN,NKN,0
VPS-1CPU1GB-0564,107.173.19.42,NKNBv2J5GZ8aBWfkSpqpZvJsVNpbiPQ4uGmG,RN,NKN,0
VPS-1CPU1GB-0565,172.245.138.141,NKNSRHrPNvhBoHF1rzQUeSVASjVoYg9Kpgk8,RN,NKN,0
VPS-1CPU1GB-0566,23.95.233.200,NKNBpX8sW16uoUg7eufKeaQMJfhRrJfQ8YHT,RN,NKN,0
VPS-1CPU1GB-0567,172.245.63.151,NKNLncXZsNUR3HeDmBCPX7igSNXWinxiZ1Bj,RN,NKN,0
VPS-1CPU1GB-0568,172.245.63.152,NKNZvQADWorDhsBLMoZRCYvGr4fNYdt3Lw86,RN,NKN,0
VPS-1CPU1GB-0569,198.46.216.162,NKNZb2MV5vHu9iLYFLsAj6p6fFJ3gLvFhjBs,RN,NKN,0
VPS-1CPU1GB-0570,107.174.144.209,NKNCmSQcr3YTNubgpqbdaNBBznvLi82DmWsN,RN,NKN,0
VPS-1CPU1GB-0571,23.95.233.208,NKNEqyuv8sdPobH5Qypqpry9nt7Yk734PP1Y,RN,NKN,0
VPS-1CPU1GB-0572,108.174.57.24,NKNPEfDEMjDfx13rfhEki2sDUHTM1ZZ2DjJv,RN,NKN,0
VPS-1CPU1GB-0573,107.172.143.182,NKNMjAkHfvTXfSVAujJR2gyxwsxBhrUmAdJ9,RN,NKN,0
VPS-1CPU1GB-0574,172.245.138.142,NKNPz46XhzUMtwj5c1iLpRhg2xtqUe1gcESm,RN,NKN,0
VPS-1CPU1GB-0575,192.3.155.66,NKNSmHTCrXg7g6jQ6sgpi9LbWyyCLyEyrFXx,RN,NKN,0
VPS-1CPU1GB-0576,198.46.252.143,NKNGmwZHctSCMATLCKs7y8qph7QQ3qtom8sa,RN,NKN,0
VPS-1CPU1GB-0577,107.173.6.25,NKNH5dafr1FAbYc1Ry5rn36Kk1VN3cJtBskj,RN,NKN,0
VPS-1CPU1GB-0578,192.3.98.243,NKNQTQtTjEfm9pTE5waiZWH1UDShq14cyKvn,RN,NKN,0
VPS-1CPU1GB-0579,107.173.50.33,NKNQegX1YtvjpTN2Txdg9yX6SivqryDtvG2J,RN,NKN,0
VPS-1CPU1GB-0580,107.175.69.241,NKNPSJznpQCVEMLrmJPXZzdqtEP2RVPcXpUU,RN,NKN,0
VPS-1CPU1GB-0581,172.245.63.153,NKNMB6stNM7qj3ph5kJpbhr7W83kBzB2aqKc,RN,NKN,0
VPS-1CPU1GB-0582,107.173.196.149,NKNNqX9bRat9r2sRuCdwMozRwWwUTnydaxoR,RN,NKN,0
VPS-1CPU1GB-0583,198.46.252.144,NKNaDKWKDSTy6xw9E8zfnhPvB3WojnCoAdWB,RN,NKN,0
VPS-1CPU1GB-0584,167.160.189.133,NKNZYisUNuck1Ag9eKQANGYsv6MwoCJKrnQD,RN,NKN,0
VPS-1CPU1GB-0585,107.173.6.26,NKNViXienLFU5C99NseAnzKECG2efjcndNqc,RN,NKN,0
VPS-1CPU1GB-0586,198.46.216.163,NKNWXyVgPccMQbQJe17VY7w7J2uKPnyTXbFS,RN,NKN,0
VPS-1CPU1GB-0587,172.245.81.242,NKNFFctxoEWt6ARssd8qkyX8Gtz6jK35kDwE,RN,NKN,0
VPS-1CPU1GB-0588,107.175.69.242,NKNaSMqqucfdE3sGvz523t7SMs6YWJWVfiQW,RN,NKN,0
VPS-1CPU1GB-0589,192.3.155.67,NKNGVNtp5hWBuM2jqeVBDmpg22zZeyewX6tF,RN,NKN,0
VPS-1CPU1GB-0590,192.3.45.176,NKNTANgUSVWbwFHGA7hJCCMvaq55UxTD81Yw,RN,NKN,0
VPS-1CPU1GB-0591,172.245.63.154,NKNHicoYmG4MqQEQ9TXkCGnrzx7TT6nKJe8H,RN,NKN,0
VPS-1CPU1GB-0592,192.3.98.252,NKNEmJhyfoQpDmBJyVs2n21XfcUaCU8wimxg,RN,NKN,0
VPS-1CPU1GB-0593,198.46.221.143,NKNTmpqF1nUxiAwXmgqL2LTSii1Mg1HejaWs,RN,NKN,0
VPS-1CPU1GB-0594,107.173.101.215,NKNJGVD7gPe6M6ahrQoEfejeywSJ4rPwKANP,RN,NKN,0
VPS-1CPU1GB-0595,107.173.50.36,NKNXJzGkWDbREDdSvPFKwBmNDZHedxdnBTBS,RN,NKN,0
VPS-1CPU1GB-0596,192.3.45.210,NKNCfWAALomqMNA8UBSChwgHx69RvAS8X4No,RN,NKN,0
VPS-1CPU1GB-0597,192.210.226.36,NKNRUb73fqyCCHdBhdQDejXe7r2uXcAfrZEf,RN,NKN,0
VPS-1CPU1GB-0598,198.46.221.144,NKNQdUu5GXtZyhBDWEavANTZF97RxekmqNxq,RN,NKN,0
VPS-1CPU1GB-0599,107.173.101.219,NKNCY76o9cQj6Fh4gdbjSWfb7qr7msrPPjkR,RN,NKN,0
VPS-1CPU1GB-0600,107.172.196.32,NKNZFMcnbDT8C4jbu8K16y8eqrvUEHnaeiA8,RN,NKN,0
VPS-1CPU1GB-0601,167.160.189.134,NKNPiaNFDTAWvrTBeKj2qCftzNFb4FZzmdL1,RN,NKN,0
VPS-1CPU1GB-0602,192.227.235.15,NKNTpSpE59uq3bWeLXz1puTvr5x7j3XeKpS7,RN,NKN,0
VPS-1CPU1GB-0603,172.245.138.143,NKNPhWS2X34bofzFYgAXJF7xs6nbQ3DwUU3y,RN,NKN,0
VPS-1CPU1GB-0604,107.173.50.38,NKNRqJV8TdvLggHndMy4GPENh41dMDJuT5wE,RN,NKN,0
VPS-1CPU1GB-0605,23.95.233.209,NKNKVa1Ai3WRyg5D4XTDB5SqVokdbSSEF7q2,RN,NKN,0
VPS-1CPU1GB-0606,167.160.189.135,NKNPLY3CYZKB1j1k9sBXorzRHYJ4n3RoiauC,RN,NKN,0
VPS-1CPU1GB-0607,107.173.101.222,NKNTNkzgtXQt8j679sGRGyaavowh2vKFhmrr,RN,NKN,0
VPS-1CPU1GB-0608,107.175.69.243,NKNCfwNbort9nBZenWFYKi9MkmYGVws8FyC5,RN,NKN,0
VPS-1CPU1GB-0609,107.172.143.184,NKNLyhRUCmxZsv8JqyHAktxMfFrTQDoArLBH,RN,NKN,0
VPS-1CPU1GB-0610,198.46.221.145,NKNBew7kZ1AAWL4d9JtnricFZsLv1dc95H34,RN,NKN,0
VPS-1CPU1GB-0611,172.245.30.114,NKNJF6LGWFQ1fMiYgnGjRCjKUKR2x6LgQ3P1,RN,NKN,0
VPS-1CPU1GB-0612,198.46.216.164,NKNSt6ewTtUfnC5PaX7UdyAw5VwftK3YpufH,RN,NKN,0
VPS-1CPU1GB-0613,107.174.147.78,NKNUw9hH3DzQqzSxduYa5BPbQ99cDAhL4cjW,RN,NKN,0
VPS-1CPU1GB-0614,172.245.138.144,NKNEgUmdVdbAtpFKiM93e88L8iFcTDKbzgrm,RN,NKN,0
VPS-1CPU1GB-0615,192.3.155.68,NKNHjhf3bu1pz7rRxsP47nN5Wm63Yo26V9gg,RN,NKN,0
VPS-1CPU1GB-0616,107.175.69.244,NKNL7qSzXFruVSbq8SptijfjJL89coiVVKde,RN,NKN,0
VPS-1CPU1GB-0617,192.210.226.37,NKNKqFUDu6WX85xSMBkmfzN58Mor5obgVjrg,RN,NKN,0
VPS-1CPU1GB-0618,198.46.221.146,NKNFUUeUApEKbiuS8zaYewhyqSkNFQEL2rCs,RN,NKN,0
VPS-1CPU1GB-0619,107.172.143.185,NKNLMYwhwcjYoasCixwZWbnPTwsNBoZMoqeV,RN,NKN,0
VPS-1CPU1GB-0620,108.174.57.240,NKNCBNDRxFiTzn4WU7oD6V9ujnhe5Kx9G1r5,RN,NKN,0
VPS-1CPU1GB-0621,107.173.101.224,NKNagKppXtLzHg5fsT9rVcoMym6G6jPZjFum,RN,NKN,0
VPS-1CPU1GB-0622,192.227.235.150,NKNUwVqc2R224ixBkVztyYRgYvMXDHnAGgYW,RN,NKN,0
VPS-1CPU1GB-0623,198.46.253.150,NKNXfgM3YKkj6Y7hgDjWP8RFECTbXzvEnMbh,RN,NKN,0
VPS-1CPU1GB-0624,192.3.155.70,NKNY6K7KdoBGiegVrVT6pGTcWbKY9cHJK9Fn,RN,NKN,0
VPS-1CPU1GB-0625,167.160.189.136,NKNZxjniFmpSUKiTm1Fr1burEcE21ZaQVwkH,RN,NKN,0
VPS-1CPU1GB-0626,107.175.69.245,NKNV1znzYwKonwHaxwJwL3HCroXsBY8VQuCH,RN,NKN,0
VPS-1CPU1GB-0627,192.210.226.50,NKNKgKWBAZsmFbHZvkPwhjYEszKaCkXTn9iF,RN,NKN,0
VPS-1CPU1GB-0628,198.46.253.151,NKNL4N6faM4GtJRiYQ76THaJkEgiMkYq98uH,RN,NKN,0
VPS-1CPU1GB-0629,192.210.226.52,NKNSV9JebFDv1f1xLNeDH2kFUo3cPLE6A6Bq,RN,NKN,0
VPS-1CPU1GB-0630,198.46.252.145,NKNQ7WtfAiGTqgwJMEiCWza61q4fRsiawHYT,RN,NKN,0
VPS-1CPU1GB-0631,23.95.233.215,NKNFC9qywbkMxzuzrUNQhJesCL4nB91uicJP,RN,NKN,0
VPS-1CPU1GB-0632,23.95.233.227,NKNUBVEHiERmbMRAiRDA5uXq71UhFuBpuw9Q,RN,NKN,0
VPS-1CPU1GB-0633,192.227.235.151,NKNU9hizj4f8bzrvBANWN4Qe3uWvr8uFKgUY,RN,NKN,0
VPS-1CPU1GB-0634,107.173.50.4,NKNXfSx3CAxvuh5mbiBDfHVbg4byx6xjxQuy,RN,NKN,0
VPS-1CPU1GB-0635,198.46.252.146,NKNPvFQ1d8ccBxifgmLfivGxwRXrsngsrDWy,RN,NKN,0
VPS-1CPU1GB-0636,172.245.138.145,NKNX3fVcbtNuKJs7ceUBGpUinK5ymrGuD4Jy,RN,NKN,0
VPS-1CPU1GB-0637,192.210.226.53,NKNCDRhPUyUt7CMH4ipRXVUC8R34nzoUwYLV,RN,NKN,0
VPS-1CPU1GB-0638,107.175.69.248,NKNPqjhHHT2m85JWCiHo8HxYuCg4JBS26S88,RN,NKN,0
VPS-1CPU1GB-0639,23.95.233.231,NKNUKP73aBUrhETydDSwYxwsMnBLaQSaS8NB,RN,NKN,0
VPS-1CPU1GB-0640,198.46.252.147,NKNZZVPAma4G2UqiDdjMjTXVHAhY4eLVwLBN,RN,NKN,0
VPS-1CPU1GB-0641,107.175.69.249,NKNVyzwCmc37r3VwLbK15m5hmrogAoSGv8zd,RN,NKN,0
VPS-1CPU1GB-0642,198.46.252.148,NKNDKVj5RQYbU2qcTXyCcpjL1E5CuPfvTePF,RN,NKN,0
VPS-1CPU1GB-0643,198.46.221.147,NKNG5LUeyRrKebaP1aeM4LgEq4Fhg7ijAwPF,RN,NKN,0
VPS-1CPU1GB-0644,23.95.233.232,NKNXyd4ij4efTdEbKz2LAjEJCNKSbmLcakQY,RN,NKN,0
VPS-1CPU1GB-0645,198.46.252.149,NKNPrENhWEtZBRJUR1T68HHziafTWTYBmBeh,RN,NKN,0
VPS-1CPU1GB-0646,198.46.252.15,NKNYjE6zAB949noou3c9SFDKpDt2m8nVhzb4,RN,NKN,0
VPS-1CPU1GB-0647,192.3.155.72,NKNXG6iJC8NHNY7EbSWDKhwDohhAdp2nCMQu,RN,NKN,0
VPS-1CPU1GB-0648,198.46.253.152,NKNH8MGX4rUaNknKR7js3PMVjP74JJ3DFFZt,RN,NKN,0
VPS-1CPU1GB-0649,172.245.30.118,NKNCpD3VdxPFb4b9B2nC98VcVpF8zXiXXvuP,RN,NKN,0
VPS-1CPU1GB-0650,198.46.216.165,NKNSRRSRv5karfwE6ziZPkX1uoUoxkYnCpS5,RN,NKN,0
VPS-1CPU1GB-0651,172.245.138.146,NKNKv7tQifqRr2Pi2Rg1aPvesxxZZJMENoJz,RN,NKN,0
VPS-1CPU1GB-0652,192.3.98.253,NKNSj9ydLnFuocBGzDnHkuNBsN4Cd1MvuEJZ,RN,NKN,0
VPS-1CPU1GB-0653,198.46.221.148,NKNZfEB1zwHtB6ezQu9zXivT4HwenyLybiq5,RN,NKN,0
VPS-1CPU1GB-0654,198.46.252.150,NKNSgguwXYxFcdR5sqGC5oeesKmEWNWe5reU,RN,NKN,0
VPS-1CPU1GB-0655,172.245.178.140,NKNHU2qz4C9h2Uax173mnCxayocAUrvmSuPy,RN,NKN,0
VPS-1CPU1GB-0656,167.160.189.137,NKNW3f4M7eB3ks2Ve2xogirryDj2jTTuUWgd,RN,NKN,0
VPS-1CPU1GB-0657,167.160.189.138,NKNFnY7nLE4p1hQsLdQeTHDiqyebvxiegL9a,RN,NKN,0
VPS-1CPU1GB-0658,108.174.57.241,NKNNDwg8y8DA838D6hSUjcSENTipBejzEtrd,RN,NKN,0
VPS-1CPU1GB-0659,107.172.196.35,NKNYwtwCZL7RJJu1jUV8X2at6zHmobyZ66Kj,RN,NKN,0
VPS-1CPU1GB-0660,192.227.235.152,NKNSFWCudproSzaMCJaHAuYE1VzimP7WDLhy,RN,NKN,0
VPS-1CPU1GB-0661,107.173.101.227,NKNP2GXbeFTvTxEe8wiEYSZ1qJQf7iMaHpPT,RN,NKN,0
VPS-1CPU1GB-0662,192.3.155.73,NKNWdvA9HGa4dcoYYgkfoQ4zBHXQVWG5MbJb,RN,NKN,0
VPS-1CPU1GB-0663,172.245.63.155,NKNKgmqwUR8NHS29gR29hoBeetx3cmFHg4SX,RN,NKN,0
VPS-1CPU1GB-0664,192.210.226.54,NKNJ5Q6BN9Lc6n1QE3pxubucGY89JA4jSFSF,RN,NKN,0
VPS-1CPU1GB-0665,198.46.216.166,NKNPqTnUjNSQ4LiwELrXpJDREd9sxqmdhRDm,RN,NKN,0
VPS-1CPU1GB-0666,192.3.45.214,NKNTBMn88WQziTx48kMcyeGsxaSsweVoqjjv,RN,NKN,0
VPS-1CPU1GB-0667,198.46.252.151,NKNPdyHGuAjR7bVk6vF9ffwKa8ui9rCnNGm1,RN,NKN,0
VPS-1CPU1GB-0668,192.227.235.153,NKNGD1aNgQk2WAMunnwV8oFTyWoM8gWuvNEm,RN,NKN,0
VPS-1CPU1GB-0669,107.175.69.25,NKNR3sp5nJP1MFypqAiGCBTT6RKiF6LaCabw,RN,NKN,0
VPS-1CPU1GB-0670,107.173.101.232,NKNWDnsnTPAHPuY9rFGhXXpug2m7wDP2t3La,RN,NKN,0
VPS-1CPU1GB-0671,107.173.50.42,NKNNyTxPnVS73kkDKuQ1deKNodmttGU79Fmt,RN,NKN,0
VPS-1CPU1GB-0672,107.173.50.43,NKNUSWEfPSm8Qr5my9twvSJ4dPz36nbRx84y,RN,NKN,0
VPS-1CPU1GB-0673,172.245.178.141,NKNUzZz687dAMWDXXCpGR6Rc6BEoamSGt6EF,RN,NKN,0
VPS-1CPU1GB-0674,107.175.69.252,NKNJH8QimBaRGC6HczHqzL6tXHVmtLBBSbas,RN,NKN,0
VPS-1CPU1GB-0675,192.3.155.74,NKNFNfxVYkdqyii2oLPFgcEnzkqPdtiikp7Q,RN,NKN,0
VPS-1CPU1GB-0676,192.3.98.38,NKNT7FMxujWaqCv3GG3bmWrPKbYWwgJqfyx2,RN,NKN,0
VPS-1CPU1GB-0677,198.46.252.152,NKNEKjhSW8igxnMpuYDxKs7Z4Wz38wSfTXc8,RN,NKN,0
VPS-1CPU1GB-0678,172.245.30.120,NKNLGyTekFjixqStnSV9i4BEd6ETidRf2xHc,RN,NKN,0
VPS-1CPU1GB-0679,172.245.63.156,NKNR3vZoGpvQxGL1SePNoZf2erjvKpM8JpE1,RN,NKN,0
VPS-1CPU1GB-0680,107.172.196.37,NKNE6puMfHcgw33QP8qcLGL69f5Xp9LZXSHS,RN,NKN,0
VPS-1CPU1GB-0681,192.227.235.154,NKNLsWvYsJFcQxhXT3HCEsoeFpdiywp8ibac,RN,NKN,0
VPS-1CPU1GB-0682,192.227.235.155,NKNHCdkVq6ReYpVfjhUJtYYjgGw1W2aFvMGC,RN,NKN,0
VPS-1CPU1GB-0683,192.3.155.75,NKNYcBT5Spv843EmzbiaDyE6UnCJ1rku8gER,RN,NKN,0
VPS-1CPU1GB-0684,107.172.196.38,NKNXkNRzSdC7xRLh1Fif7Sx7V9ZpUS1JNFCG,RN,NKN,0
VPS-1CPU1GB-0685,192.3.98.4,NKNDChLcQSmWRxW6F7pdScwLGhbxowvieWcb,RN,NKN,0
VPS-1CPU1GB-0686,172.245.63.157,NKNFu2VLHL2sTR5Uu9KdjQTjPFu9gW5KpXGy,RN,NKN,0
VPS-1CPU1GB-0687,192.3.155.76,NKNW5stEiPvXZAypg8YLG7yLSeHD367wXbtG,RN,NKN,0
VPS-1CPU1GB-0688,172.245.30.121,NKNZWDxZaE6wDj59E4JWno7M9H6aEbCzRrkc,RN,NKN,0
VPS-1CPU1GB-0689,192.227.235.156,NKNTaeQpTHmgJ6mVdnS87v4xS9kXk79PZ9tT,RN,NKN,0
VPS-1CPU1GB-0690,198.46.252.153,NKNVHgqnzzmbFmA2evHN587FjijNrrGQFgCi,RN,NKN,0
VPS-1CPU1GB-0691,108.174.57.242,NKNFEWKkRg2N7eX8tnSuTWEZgKHJ8KH28ijY,RN,NKN,0
VPS-1CPU1GB-0692,167.160.189.139,NKNVvY1k6eukC2CUCKVGU8sx6zThcpnbwNeh,RN,NKN,0
VPS-1CPU1GB-0693,192.3.155.77,NKNCfo4yoRsfR3uMtfeUPbfPGw2tnRGJHAFD,RN,NKN,0
VPS-1CPU1GB-0694,108.174.57.248,NKNFnjvSiDdL8pjSY5G9KJUyVv8xCgcvToBN,RN,NKN,0
VPS-1CPU1GB-0695,172.245.63.158,NKNXTLKgpFf3hm4Rzqw6w2E6nkRWcJD6vR9R,RN,NKN,0
VPS-1CPU1GB-0696,167.160.189.14,NKNXV7JG7ryZEfur4Es5oh1rzDa8hAvqa9fp,RN,NKN,0
VPS-1CPU1GB-0697,198.46.253.153,NKNHks451LEfFJQtxBw5XvGWcuuphJ78ybgZ,RN,NKN,0
VPS-1CPU1GB-0698,107.173.196.15,NKNQBxjdsfUN9SefPck2rUwAvCR3yc7Nb7mi,RN,NKN,0
VPS-1CPU1GB-0699,172.245.63.159,NKNFyQC7fvq1heywDmy3KUh86jQ8xP9YBgQy,RN,NKN,0
VPS-1CPU1GB-0700,172.245.30.123,NKNGnQ3wXMnFtc8fjwuxqmeUfyXTKaiij8vH,RN,NKN,0
VPS-1CPU1GB-0701,172.245.30.124,NKNWtgxQ4aK6moRCnWCF5Ms82no7HuPikjVP,RN,NKN,0
VPS-1CPU1GB-0702,172.245.63.16,NKNP8B5jozohxjAsT6bQbbdBSNZuadPQMZu5,RN,NKN,0
VPS-1CPU1GB-0703,198.46.221.149,NKNDFMZ5qsxmftLmixKDQocCPwCcegCxysva,RN,NKN,0
VPS-1CPU1GB-0704,172.245.30.125,NKNEQirVsL4RDcKpkhxuNkuZm47kYRcAUh7j,RN,NKN,0
VPS-1CPU1GB-0705,108.174.57.33,NKNG8rCrTTxyDapNiSWRvPhkeUZwcGocniPb,RN,NKN,0
VPS-1CPU1GB-0706,167.160.189.140,NKNYjgrYr9TGWDvQ3PiazvXFtJBPxskd4Pgi,RN,NKN,0
VPS-1CPU1GB-0707,192.3.155.79,NKNTwjakaV5h2jZ71aXbdAvAMyotDXWD3nzN,RN,NKN,0
VPS-1CPU1GB-0708,192.3.98.49,NKNDPMGiBkBmzdRny4hrMsdQsB2FaQXMrcY6,RN,NKN,0
VPS-1CPU1GB-0709,107.173.196.150,NKNYrHEYPTXHnyZZ1s71HGZCYVy6GLGdAw3s,RN,NKN,0
VPS-1CPU1GB-0710,198.46.253.154,NKNPcJ7A3EPtpAacMQxsAhf71de5jvxnuwJV,RN,NKN,0
VPS-1CPU1GB-0711,107.173.101.244,NKNDt5n6meXVNaSaGRpwL7cHDGxsTvpoDbKK,RN,NKN,0
VPS-1CPU1GB-0712,107.175.69.253,NKNaevZgMvNkKznmtLUbG7y6CgZaiw2LbYjV,RN,NKN,0
VPS-1CPU1GB-0713,192.3.98.53,NKNTatEk2A96fyn8hHLnjGR4Uwidz7kot1vo,RN,NKN,0
VPS-1CPU1GB-0714,172.245.178.142,NKNDUXr65ufcYSDrdaMVnhzQKtsVFcMeyW1k,RN,NKN,0
VPS-1CPU1GB-0715,192.227.235.157,NKNFfjJ6DvqaJGu7GMHQ9X2o5y6ktQA6cfu2,RN,NKN,0
VPS-1CPU1GB-0716,23.95.233.233,NKNQK83YqG4Re5vPETLaUpeKTMUcs2yaUMcQ,RN,NKN,0
VPS-1CPU1GB-0717,107.175.69.27,NKNVyjEDMyHpQRxqwjEWSwwfpjVS7qjxgx6x,RN,NKN,0
VPS-1CPU1GB-0718,198.46.252.154,NKNUzBZDrHE6kSM4SRSJTb3woMZRrWEg4Twc,RN,NKN,0
VPS-1CPU1GB-0719,172.245.138.147,NKNH6iRGrfarXpeDQhJEg1MjRdVMpPMCmegk,RN,NKN,0
VPS-1CPU1GB-0720,172.245.63.160,NKNC8gDuUQY5SPMTXwX67mfzgmCQfN5td4G9,RN,NKN,0
VPS-1CPU1GB-0721,107.173.196.151,NKNLAa9DC6Bu8tTSFG2gezznrh1cry6tdC5T,RN,NKN,0
VPS-1CPU1GB-0722,167.160.189.141,NKNDvZ2VYHxc9RzZ2xh7jKyBFGbtU36hD62T,RN,NKN,0
VPS-1CPU1GB-0723,172.245.138.148,NKNV5GhoK832p5nj7ggCTKYQCxHCoiW78UaB,RN,NKN,0
VPS-1CPU1GB-0724,192.3.98.62,NKNP2QF4h477V6wuZvo4Gh2QA9wDqRGrRiQ8,RN,NKN,0
VPS-1CPU1GB-0725,192.3.155.8,NKNSczVCLrmmj3VEHXgL4k1rvBdD8u4m7evz,RN,NKN,0
VPS-1CPU1GB-0726,172.245.138.149,NKNBmqppJiehA1JPBSKypAauzsj3vaTJcv9Q,RN,NKN,0
VPS-1CPU1GB-0727,23.95.233.234,NKNY18e8J9nrUGLN9bYui227DfDFdoKRuWg9,RN,NKN,0
VPS-1CPU1GB-0728,172.245.138.15,NKNMcqfkaqj3eFcXpvb8h5t5TA4cEBLx8EVx,RN,NKN,0
VPS-1CPU1GB-0729,198.46.221.15,NKNMfq51jUxpoVSimSnpuDhXJXP1Aej11D1G,RN,NKN,0
VPS-1CPU1GB-0730,172.245.178.143,NKNDJBfPPy15Bs1BEeR5XRCoKUnmAcP4m5wQ,RN,NKN,0
VPS-1CPU1GB-0731,107.175.69.28,NKNEcgv3dbhiSuLrb7otZL57qxeVXZTjPGDr,RN,NKN,0
VPS-1CPU1GB-0732,198.46.252.155,NKNXp47nVMPfCNA8TfesDAqMgVGoiNYY69oP,RN,NKN,0
VPS-1CPU1GB-0733,107.172.196.39,NKNanRsEs2hJq1Y1EqNccauHNuQKnfR42qRQ,RN,NKN,0
VPS-1CPU1GB-0734,172.245.138.150,NKNLc1Mw1KXoiYR5TNGDsZafXt4m5YiDKTnU,RN,NKN,0
VPS-1CPU1GB-0735,107.173.101.249,NKNCjuhKwmNwC6mYgNcaBAD74mPsX12XAvDA,RN,NKN,0
VPS-1CPU1GB-0736,107.175.69.29,NKNL45QCcXiTYt5JHWR8iJt9MPR9zUKSbTCU,RN,NKN,0
VPS-1CPU1GB-0737,172.245.30.126,NKNTK4QtZkTi4GiQzx4TJbL4ftJWMLxSmARy,RN,NKN,0
VPS-1CPU1GB-0738,172.245.30.13,NKNVg9AqNU2gHqkyRyMNGcGmP6dstXTxkMwa,RN,NKN,0
VPS-1CPU1GB-0739,107.172.196.4,NKNNLNzNiZhHSdrformNHkup45xf2Fi9CtSr,RN,NKN,0
VPS-1CPU1GB-0740,192.3.155.80,NKNWywAGr5Ysio9ZPxzXdb1vTYXRBqomTQqg,RN,NKN,0
VPS-1CPU1GB-0741,192.3.239.209,NKNHkMESwUc6mQ4BrTc8Woq9KeaPRbHyKk9e,RN,NKN,0
VPS-1CPU1GB-0742,107.172.76.63,NKNBftvLmhjcNBGtkc6rM8PgQHCYRKnsw1Vq,RN,NKN,0
VPS-1CPU1GB-0743,172.245.178.146,NKNQSb7Sj9crY9QV5yBBhcvhx3KT1gjCiEbi,RN,NKN,0
VPS-1CPU1GB-0744,198.46.221.152,NKNa5nvNBfgcPyTAT9KEKzkcEFn9c5RoupsD,RN,NKN,0
VPS-1CPU1GB-0745,192.3.45.217,NKNQFe2Lva3Uq5QsmxSSeGrXmB6dZ4TfGxhc,RN,NKN,0
VPS-1CPU1GB-0746,172.245.181.132,NKNQMaNfCwt6T7TctHfEi6wvAG8WbmisRTKJ,RN,NKN,0
VPS-1CPU1GB-0747,198.46.216.169,NKNHo6WMUPT7xfEkJ5qLaWVnTtndNRqfCpB7,RN,NKN,0
VPS-1CPU1GB-0748,192.227.170.252,NKNFmHdisRJGCYxt72LqmLVzpNqyHoKRRPGD,RN,NKN,0
VPS-1CPU1GB-0749,192.227.235.158,NKNRSTEUEtr5FW85agTLAvRPGrriT6VvenxR,RN,NKN,0
VPS-1CPU1GB-0750,198.46.221.153,NKNakWkPfR6hbAnvcMfssC94q1zWJxsEUaDE,RN,NKN,0
VPS-1CPU1GB-0751,107.173.55.176,NKNHnGhsxDEzNQNAPB8U7cSVTPdCHGgruFQg,RN,NKN,0
VPS-1CPU1GB-0752,172.245.138.153,NKNMcrgfPsaWjZPESDrYaR7s4HkpgqH7wDRL,RN,NKN,0
VPS-1CPU1GB-0753,107.172.90.25,NKNQ3HJ75uxQ9TVZJVkaAWEo8fUiQnM1E7V2,RN,NKN,0
VPS-1CPU1GB-0754,172.245.81.232,NKNVH4GsDxGhW31FajoYWWPoSqBkswfthS8H,RN,NKN,0
VPS-1CPU1GB-0755,172.245.181.133,NKNWCKyTKMqH81QUxUatwnRKDif31DC2hhfA,RN,NKN,0
VPS-1CPU1GB-0756,172.245.63.164,NKNXZ6rymoMEy1nVKn3q9hV2nCD8a9Cdptto,RN,NKN,0
VPS-1CPU1GB-0757,107.172.76.66,NKNRCi38Zb36QzHH51H3jjpj62FgFes9Z5tf,RN,NKN,0
VPS-1CPU1GB-0758,172.245.81.253,NKNKj19m4oCZMqBgvrLpgCWCanrEYPQtNPKK,RN,NKN,0
VPS-1CPU1GB-0759,23.95.130.201,NKNLq9cMyWvS3BsoKBjUxqFwN4yZ32inMoZG,RN,NKN,0
VPS-1CPU1GB-0760,104.168.64.182,NKNJ7bfzKkQxBHmjGk1pyfBdgYZPmjq2Hgf3,RN,NKN,0
VPS-1CPU1GB-0761,107.173.6.27,NKNVVehE8U7YVuLN6MbhJYYyXL2YEjBmd4EM,RN,NKN,0
VPS-1CPU1GB-0762,23.95.193.231,NKNFiepKG83kFQAmA6vS37JrTVuRQR2fJ9eQ,RN,NKN,0
VPS-1CPU1GB-0763,23.95.15.150,NKNLo6uHuAXAvkSi6yNuEmVdrobFXNiNMVDf,RN,NKN,0
VPS-1CPU1GB-0764,192.227.235.159,NKNQtYXnhuUmVBtJsFLbvSivEKQp6omRth2q,RN,NKN,0
VPS-1CPU1GB-0765,23.95.130.202,NKNJ7m1TeE2G7GsWSVBN3RHiC8yNZKTY1MCC,RN,NKN,0
VPS-1CPU1GB-0766,107.174.144.165,NKNMwEeGHrqBrwqeNERZTtZDVpECBMxAKCmz,RN,NKN,0
VPS-1CPU1GB-0767,192.3.98.79,NKNZQehhsVmh8Jkqym62StBLxUkHNT7NmLmW,RN,NKN,0
VPS-1CPU1GB-0768,198.46.216.17,NKNaRn8hrfFRZEJg7KmtB7dDhwEpjSu8KAFy,RN,NKN,0
VPS-1CPU1GB-0769,192.3.155.110,NKNE7tnsP3JDudSkbRwbym73gBdhDB9XFgHM,RN,NKN,0
VPS-1CPU1GB-0770,192.227.235.16,NKNMjtYdb12iCpW5XDoz5WSFcvvuZZcm2ddm,RN,NKN,0
VPS-1CPU1GB-0771,172.245.63.165,NKNRiHUfpQo8PXCYabLcKx1xdHMDWAhzSfr8,RN,NKN,0
VPS-1CPU1GB-0772,172.245.30.16,NKNL3DJv6WNggei8t1SBnMJgmMNuiMoubz1E,RN,NKN,0
VPS-1CPU1GB-0773,172.245.178.147,NKNKHHxqXpfrQmohngwp5HtWzwF6rS8ncJJL,RN,NKN,0
VPS-1CPU1GB-0774,167.160.189.144,NKND4d24WqzfqeUJXqazL97XTGWuuJQBr4pm,RN,NKN,0
VPS-1CPU1GB-0775,198.46.253.157,NKNHQzhWo5b4ZLDYPFyvzinCUEeHSSPnqrLx,RN,NKN,0
VPS-1CPU1GB-0776,198.46.253.158,NKNUiRG58ULyjjoPvrPP3zhVNfPw5BsQEqkQ,RN,NKN,0
VPS-1CPU1GB-0777,198.46.221.154,NKNUZkvQYRKyUweNs8YoKQQRLkm2Sdu6Z4zu,RN,NKN,0
VPS-1CPU1GB-0778,23.95.233.237,NKNCQdJYSijXF2gQnViywwznPhJ7X7y6a2VC,RN,NKN,0
VPS-1CPU1GB-0779,192.3.98.8,NKNYVCnG89MSj65B2UHqFFsfbWwxwXc5qiZE,RN,NKN,0
VPS-1CPU1GB-0780,172.245.118.230,NKNKG3uyiujkjyWyx95eUbXb8Eutc1X5gCLD,RN,NKN,0
VPS-1CPU1GB-0781,107.173.196.153,NKNVLi1xLR6eacZyjT9hV6jDYwNMh7LuPoaF,RN,NKN,0
VPS-1CPU1GB-0782,192.227.174.82,NKNUa8CG9DyNvez9f66wT9qJ4avoprBg5jSV,RN,NKN,0
VPS-1CPU1GB-0783,107.172.140.214,NKNJfWXsXiEMkG4U6qLgPXACH3vAJ2QzGWox,RN,NKN,0
VPS-1CPU1GB-0784,192.3.239.210,NKNU2ALZ7BgwJTu5utQ6DQ3y8UxzXghjCnyc,RN,NKN,0
VPS-1CPU1GB-0785,172.245.138.154,NKNX9ZfBLEgYQzSSQum7Yth8xZ5zS5HCAr8L,RN,NKN,0
VPS-1CPU1GB-0786,107.173.6.29,NKNEE8rU22zALhgJFDCWmbw19naEJKj4z3jn,RN,NKN,0
VPS-1CPU1GB-0787,172.245.205.227,NKNWeYFkGQPqAE8KRfDHoxrcrfaKbUnFZAyr,RN,NKN,0
VPS-1CPU1GB-0788,198.46.221.155,NKNK4z2q54SMyRHzNTh8YdpNyEJmtdkayicX,RN,NKN,0
VPS-1CPU1GB-0789,23.95.233.243,NKNRzYDx4UomEahjZjZguz7PYRXoa6p2yHnp,RN,NKN,0
VPS-1CPU1GB-0790,107.172.196.213,NKNWiyP5Y22uo7Kpkuk962qVUR8NpU6k2oDt,RN,NKN,0
VPS-1CPU1GB-0791,107.173.196.154,NKNQVNhuZLDZJehvLiHdHq7pdHkMn38GC1Uy,RN,NKN,0
VPS-1CPU1GB-0792,107.174.144.210,NKNYMenVxNZ7CmAHy48Qs74goyfnvsoZ3HjW,RN,NKN,0
VPS-1CPU1GB-0793,172.245.30.19,NKNCDQcXxaJNxXEdMjk3Psh3pd6DhcfXudtw,RN,NKN,0
VPS-1CPU1GB-0794,107.173.226.176,NKNNFTJQxPdWPECZ1YmBTeTZ311ZELmeyJ22,RN,NKN,0
VPS-1CPU1GB-0795,107.172.140.215,NKNPo6eVsLGf1277LFjXBT39dYFQbPdsRTTe,RN,NKN,0
VPS-1CPU1GB-0796,23.95.233.245,NKNVaHiK7h3GQ3eRSpFXnPKw6MnHMfwSKhF5,RN,NKN,0
VPS-1CPU1GB-0797,107.172.196.216,NKNPu7vuvpcmPWotwxTqjEo5UzUDVxCr5fPU,RN,NKN,0
VPS-1CPU1GB-0798,107.172.140.79,NKNTzdm4NQUpagdUQ23tvrunzargz1dhdN5y,RN,NKN,0
VPS-1CPU1GB-0799,107.172.90.251,NKNTFsJvRgVpGwrHzz1VEsfMhEfK6mybjboz,RN,NKN,0
VPS-1CPU1GB-0800,107.174.144.211,NKNBdUUX51HJJPKoEBYt9F3zX5MCDBrXTE6G,RN,NKN,0
VPS-1CPU1GB-0801,23.95.130.204,NKNNUDHtNEooTbuao5u2f5Y9N2w58fFrEnxN,RN,NKN,0
VPS-1CPU1GB-0802,107.172.196.56,NKNRKpN9hCxkj4c3hesj7GAnYxH9WNnhsXmA,RN,NKN,0
VPS-1CPU1GB-0803,198.12.73.110,NKNSdQDsBkQ8e22Zm8pUkLBMaJn12Mvw2wT5,RN,NKN,0
VPS-1CPU1GB-0804,23.95.233.246,NKNT5obHPbdTdVUVSPuanYynVmmSHXBzUSXu,RN,NKN,0
VPS-1CPU1GB-0805,107.173.226.178,NKNGu7KWz4D7PNc2shQQRGQ9ADa6TgVA6K3D,RN,NKN,0
VPS-1CPU1GB-0806,172.245.205.228,NKNWNy2bQVJ35NgvhG4poWPL81rGBEX3KkNy,RN,NKN,0
VPS-1CPU1GB-0807,198.23.137.32,NKNZ4iZCbKyLzqLi373FanoSrkGTa7gk3zvZ,RN,NKN,0
VPS-1CPU1GB-0808,172.245.178.148,NKNGLE5E4E31YHbo8ZBJecpej4LTtyGyjdrj,RN,NKN,0
VPS-1CPU1GB-0809,107.172.196.57,NKNWTKqmNtnV5R8LMKfbShaNvzMB3UziK3zk,RN,NKN,0
VPS-1CPU1GB-0810,107.173.71.17,NKNK9WcTuRk3CJzn54SYtTFffzifo1tnMCMj,RN,NKN,0
VPS-1CPU1GB-0811,107.173.50.46,NKND6Nh7q1E3y2ybdvUecDhayQan16P4Ss1g,RN,NKN,0
VPS-1CPU1GB-0812,172.245.119.146,NKNWjSfX11mAmmXTt3HfeHuz7WFcRBns41z1,RN,NKN,0
VPS-1CPU1GB-0813,172.245.205.229,NKNQTUF5kzXWU3MwQ6FyyCMBLm1CFG51hGfx,RN,NKN,0
VPS-1CPU1GB-0814,198.46.252.158,NKNCMqQ1VHnYaTjiX4PQjvzo2mWF9gNN6EoV,RN,NKN,0
VPS-1CPU1GB-0815,198.23.137.34,NKNSX98zVextD92rAyJeEyj2ndBmDNaFo1WC,RN,NKN,0
VPS-1CPU1GB-0816,172.245.138.155,NKNWY9TnHo6ahbEZPBcHoAzDCNAMcd6AhkYS,RN,NKN,0
VPS-1CPU1GB-0817,107.172.196.70,NKNDvWeJhemqAo5GsybFqAVaZnMbGzFi9vNt,RN,NKN,0
VPS-1CPU1GB-0818,172.245.178.149,NKNaGNFPeeXgMmjsQjXFU9PF6hffLcgN37HQ,RN,NKN,0
VPS-1CPU1GB-0819,107.174.144.215,NKNUC3zTjmuJi8qLJctPGAJ1pX9CwiURoYvh,RN,NKN,0
VPS-1CPU1GB-0820,172.245.119.147,NKNRUcoCx5oq5Y7tLrtdi7vAMhCgQEGrAJwL,RN,NKN,0
VPS-1CPU1GB-0821,107.173.226.179,NKNNgNz6VRwmSYptwT9fMqaJAenrnVFAqWPQ,RN,NKN,0
VPS-1CPU1GB-0822,167.160.189.145,NKNDgHgxh76tmx3e1vxCs8wKys9Cfmk72CTv,RN,NKN,0
VPS-1CPU1GB-0823,198.46.252.159,NKNYnTUhQhz6f3dstqnwFChQoY7cYVc4Scx6,RN,NKN,0
VPS-1CPU1GB-0824,192.3.155.24,NKNCd286CcPU7CJv8tSmZ7PXj9b7DNuUYsSK,RN,NKN,0
VPS-1CPU1GB-0825,198.46.252.16,NKNSVARdxFMg2B6ZnSfV6NnuNKFHz3G5eko7,RN,NKN,0
VPS-1CPU1GB-0826,107.172.196.72,NKNTZauaJXEaakjFAZaKc8BLkJNbfWaKGTfB,RN,NKN,0
VPS-1CPU1GB-0827,198.46.221.156,NKNHQpZGFFzYLfukKHckRVDQV9HBP97j1XLo,RN,NKN,0
VPS-1CPU1GB-0828,107.173.226.180,NKNMuH5i4JnmiyVUTqgfWH1MQC6nFRT11Jwd,RN,NKN,0
VPS-1CPU1GB-0829,107.173.196.155,NKNJZ1P4nnmwcrTcWRFdbjfiANb5M1KJ8TZa,RN,NKN,0
VPS-1CPU1GB-0830,198.46.221.157,NKNJceCpW7b1DVeesPZ79bfDhJaqmiaZ9PVd,RN,NKN,0
VPS-1CPU1GB-0831,198.46.252.160,NKNKSDhBmcbD1iVfA1nAkYQBKAxvwKEEakKQ,RN,NKN,0
VPS-1CPU1GB-0832,172.245.178.15,NKNW7K9NRa9Hk9SZXCwfSE8rC2VGyctVAr9X,RN,NKN,0
VPS-1CPU1GB-0833,107.173.50.51,NKNCW4HBosmbNRbW3XPnA7w1ENe8GyTZ9CFa,RN,NKN,0
VPS-1CPU1GB-0834,172.245.30.21,NKNMcZgxo6hcSPmAYtmy9D9mg3UCNoomjkYw,RN,NKN,0
VPS-1CPU1GB-0835,198.23.137.35,NKNTEbqhejuYqE4d6dW59pbZaAiYiRHST3U7,RN,NKN,0
VPS-1CPU1GB-0836,172.245.63.166,NKNJJx4XJe6QoYmALidDzRH5kmqFz1KUt9fp,RN,NKN,0
VPS-1CPU1GB-0837,172.245.30.23,NKNZU4LbPhE8xiN8zDXXHMj2Yki3B9N7tkpH,RN,NKN,0
VPS-1CPU1GB-0838,198.46.221.158,NKNLSU7PCYAa25F1e5pevwVbCCYeBqhosxW8,RN,NKN,0
VPS-1CPU1GB-0839,167.160.189.146,NKNa1YGmusgkL6qKY7tijV6YKiu1TR8YZPFB,RN,NKN,0
VPS-1CPU1GB-0840,23.95.130.215,NKNQ1uLtEstP3eDxCBFL8yxSvkpieTiTYRAi,RN,NKN,0
VPS-1CPU1GB-0841,107.172.196.73,NKNMGVrSPAUHHVE6u6QLNqdtyfqq1MGcYpFz,RN,NKN,0
VPS-1CPU1GB-0842,172.245.178.150,NKNN1majoFhGMcL9WJfei5Z8SyJ3nC2CZxjD,RN,NKN,0
VPS-1CPU1GB-0843,198.46.216.170,NKNYi2HRK6u1S9opyXNeGZngd9hBiwrA846Q,RN,NKN,0
VPS-1CPU1GB-0844,107.173.196.156,NKNFFAGkrCVeuUy1HmJLLucL46tvmy188ot5,RN,NKN,0
VPS-1CPU1GB-0845,172.245.138.156,NKNKKAzSAE9rHusri6Ho39hA1C6nsfGx81Ea,RN,NKN,0
VPS-1CPU1GB-0846,107.173.226.183,NKNWvJ4UZ4jRUXhAHS6TaEavqBr8aRLMB4MD,RN,NKN,0
VPS-1CPU1GB-0847,198.46.216.171,NKNYzNTpRLS3NYDRdc3aPXoy6uPAwPxwnhm5,RN,NKN,0
VPS-1CPU1GB-0848,23.95.233.247,NKNTBjTft4L1SNnpFHVkKc4qTY9hrDBBU6Zo,RN,NKN,0
VPS-1CPU1GB-0849,198.46.252.161,NKNKS3hfvjEKu1x7ZYakMfHaA9JkeZsyU2vq,RN,NKN,0
VPS-1CPU1GB-0850,172.245.178.151,NKNKjXaMJzw5SJzH3RzA9kbkLCf9vkLTzPgN,RN,NKN,0
VPS-1CPU1GB-0851,198.46.216.172,NKNWSmc5WPuJsr9nrdLJoX797snfuRSHaVah,RN,NKN,0
VPS-1CPU1GB-0852,198.46.221.159,NKNP72ymN1rdoBfY9LxMzTEDPUeN6XDqnhar,RN,NKN,0
VPS-1CPU1GB-0853,198.46.253.159,NKNQBpbbadEWCbXikrSUq5H3MYTqNdWxF4Ka,RN,NKN,0
VPS-1CPU1GB-0854,172.245.178.152,NKNED1TE2twd8qKGjN6C4qH8FmSvgK24Ht9w,RN,NKN,0
VPS-1CPU1GB-0855,23.95.233.248,NKNUfn8Tc1FHUkKTyX3fhu1XR4k15dhFBFxP,RN,NKN,0
VPS-1CPU1GB-0856,198.46.216.173,NKNPNrFK1wNoq47zYd9EQAMJWUxatChqCsYj,RN,NKN,0
VPS-1CPU1GB-0857,172.245.178.153,NKNRD4H6qawisonjeCVbrG1MxfSMWn2nURZJ,RN,NKN,0
VPS-1CPU1GB-0858,198.46.221.16,NKNEFXk1WzgmydE72QNsHyDSNF6mziG9JBPb,RN,NKN,0
VPS-1CPU1GB-0859,172.245.138.157,NKNZJYq7HTEGPK395omBoYhzqgqhwNCMxZz4,RN,NKN,0
VPS-1CPU1GB-0860,198.46.252.162,NKNXJN6zF5JzdRP5rMtd4kZzf61q6VmmYt8c,RN,NKN,0
VPS-1CPU1GB-0861,107.174.144.217,NKNYdK2637ujHY8N9fGiUtxdpjtzHgmRhtvr,RN,NKN,0
VPS-1CPU1GB-0862,104.168.112.217,NKNPQxLaGSsw6knCyeNPKhMZSpsgqXE9p4Qc,RN,NKN,0
VPS-1CPU1GB-0863,167.160.189.147,NKNJWMmfc67FHniWyKnbKGwFgh7q9asbyR3R,RN,NKN,0
VPS-1CPU1GB-0864,198.46.253.16,NKNGWuegT7kLfDickAQLUaZqcJiDjAR992kQ,RN,NKN,0
VPS-1CPU1GB-0865,198.46.221.160,NKNDoAyakisgYtFpLxL4YtSJYdVfPkLZAQk2,RN,NKN,0
VPS-1CPU1GB-0866,107.173.196.157,NKNHmopJbRWMeRNKsofWLACRTBrJyEUzLifo,RN,NKN,0
VPS-1CPU1GB-0867,198.46.253.160,NKNQzq8yXyjDmxSTcHzsxLxcHHpygpSWfczc,RN,NKN,0
VPS-1CPU1GB-0868,198.46.252.163,NKNWFwfXQFvXBiLmFXpt3FwdJiKaH2rbUnSA,RN,NKN,0
VPS-1CPU1GB-0869,107.173.196.158,NKNVZYL4VyD6MXiuDF4mrdLEa7n8mBQtUR4m,RN,NKN,0
VPS-1CPU1GB-0870,107.175.69.34,NKNKPLwK8Ko5WAP7PNy7ACUCap5qTYTYk2Y9,RN,NKN,0
VPS-1CPU1GB-0871,107.175.69.35,NKNKHQYqtrkUZvfZsUCJkzSZGF2pDBSqXHRP,RN,NKN,0
VPS-1CPU1GB-0872,107.174.144.218,NKNPNy3jETkADki2nBA8ZAHsyy7KtFzmZHcs,RN,NKN,0
VPS-1CPU1GB-0873,198.46.221.161,NKNEyqvaFt4XNUEUGNK2EBkExbmv9FBBTnZ8,RN,NKN,0
VPS-1CPU1GB-0874,107.173.196.159,NKNEhz4mk4B4DZbxePdhqFUAGAMyKtMMia1F,RN,NKN,0
VPS-1CPU1GB-0875,172.245.63.167,NKNLEz5xWhf2pxjwXNVZtTFSYfmZEj35WK5D,RN,NKN,0
VPS-1CPU1GB-0876,172.245.178.154,NKNSbtm2g8CPQPErzRTCmTCu3oiJfGQpz7w8,RN,NKN,0
VPS-1CPU1GB-0877,167.160.189.148,NKNDMrksSGVi2xX9ntA9G9NsBVfuqQ2aVms6,RN,NKN,0
VPS-1CPU1GB-0878,107.173.196.16,NKNPSVzyy6fP6SHuaHVTfk4XoA8i4xvLWKeN,RN,NKN,0
VPS-1CPU1GB-0879,198.46.216.174,NKNMjBwyoqUUp5dWryVRiY6HKR4h3wsLTYWs,RN,NKN,0
VPS-1CPU1GB-0880,172.245.138.158,NKNVtQve9RYRxSQRjyYjSpcQBTJ4xhLEWc4p,RN,NKN,0
VPS-1CPU1GB-0881,172.245.63.168,NKNSxhhUrPPV4Bmmhkomknk4y6fdhLoR7Abq,RN,NKN,0
VPS-1CPU1GB-0882,198.46.253.161,NKNTgprNnNvubSrgZXiVopLHVBfULf6wwnca,RN,NKN,0
VPS-1CPU1GB-0883,198.46.216.175,NKNJEQj49t6qqtz31je1vXY119atFdLqRm7b,RN,NKN,0
VPS-1CPU1GB-0884,198.46.253.162,NKNEK3RfxeVfuWRojc1w29DwUA3uYFbsCqBM,RN,NKN,0
VPS-1CPU1GB-0885,198.46.252.164,NKNYuRPtR4ZEh9BuqwMA8N7df26DD4d2wM28,RN,NKN,0
VPS-1CPU1GB-0886,107.175.69.36,NKNZ9wEAAf5uKGswG7azhBGXW1GCgAMyJgBZ,RN,NKN,0
VPS-1CPU1GB-0887,107.174.144.219,NKNFXcyUwciU51rRm7SxwR6ezXCNjaVFNPi1,RN,NKN,0
VPS-1CPU1GB-0888,198.46.221.162,NKNUMV8Q3ERByDQvJ3BqLUvHisLNuvbqCi4z,RN,NKN,0
VPS-1CPU1GB-0889,172.245.178.155,NKNQB4hxFrZV3tNLRDKH5JsrVEyqrR1Tqims,RN,NKN,0
VPS-1CPU1GB-0890,198.46.221.163,NKNDWq8aabADVoSZngjoeZZgNrWBs99dv3Nq,RN,NKN,0
VPS-1CPU1GB-0891,192.227.235.160,NKNJLPZ96tRDXiB65qdgNcDqups4KKP7votA,RN,NKN,0
VPS-1CPU1GB-0892,198.46.252.165,NKNZqBBR9puWPmQqSLLzVEM61NUNxM6iJzXV,RN,NKN,0
VPS-1CPU1GB-0893,172.245.138.159,NKNTdRaQLZLgZuG97K7gAjaJxTp3RjjqLtpa,RN,NKN,0
VPS-1CPU1GB-0894,198.46.221.164,NKNUfTvZk4bUURG3KSnSCFpt3FKLiWWnZPyw,RN,NKN,0
VPS-1CPU1GB-0895,198.46.216.176,NKNH9hGmWHe81n5Qk1LXHLJKCcLLiRmocSE1,RN,NKN,0
VPS-1CPU1GB-0896,198.46.216.177,NKNEGGgYiv1SFjF9dd8TqCaEvFETqnWjHFr6,RN,NKN,0
VPS-1CPU1GB-0897,167.160.189.149,NKNPgVZSnomQZC157KNgi3wT2aZzjx9cYiAL,RN,NKN,0
VPS-1CPU1GB-0898,198.46.216.178,NKNaV3vVcmJc76YfcFKqmzD3sNWkYE2rbd6t,RN,NKN,0
VPS-1CPU1GB-0899,198.46.253.163,NKNMzGHzehbZD78uThVz1s355iLUQmVQKcCN,RN,NKN,0
VPS-1CPU1GB-0900,23.95.233.25,NKNKZgzejTf7EoxtSh6RBTLNBNDxbRbHJo54,RN,NKN,0
VPS-1CPU1GB-0901,198.46.216.179,NKNWz65UHgKpqV2E3aSbGWXxGB4oQ5SHn3EW,RN,NKN,0
VPS-1CPU1GB-0902,172.245.63.169,NKNRYAMjXjEtBy7wWQCqrLcFyPK2BD5PuBQt,RN,NKN,0
VPS-1CPU1GB-0903,107.175.69.37,NKNHMP9d5hYov6hs3RSh2rMzP5QJ28xkxQ75,RN,NKN,0
VPS-1CPU1GB-0904,198.46.253.164,NKNXxZxGUFE9jxAVDZ1iDzmeyURS7dADKa2R,RN,NKN,0
VPS-1CPU1GB-0905,192.227.235.161,NKNUtX36JrW6gxwFrE2kUFtxkdkSqUudjrMk,RN,NKN,0
VPS-1CPU1GB-0906,107.175.69.38,NKNa6hZCX1FYtxgsUstypdhMXnwDWcUHeZC3,RN,NKN,0
VPS-1CPU1GB-0907,107.175.69.48,NKNNPqudYcmchDtvHNBCZgiZgMj9XtaS31pG,RN,NKN,0
VPS-1CPU1GB-0908,167.160.189.15,NKNNBMEuPgxGr2VMy1xmyYwm9JmjJntVAvDc,RN,NKN,0
VPS-1CPU1GB-0909,172.245.178.156,NKNCsVWh2ENREK9NTvAUxwnXPHnHVqGPrDn8,RN,NKN,0
VPS-1CPU1GB-0910,172.245.63.17,NKNGPEAJKySdPP8PGGDJ92yza1nrfKeDwoSw,RN,NKN,0
VPS-1CPU1GB-0911,172.245.138.16,NKNLpyHRFZdAvdV66UKG4NRDU65rscWD9Pzz,RN,NKN,0
VPS-1CPU1GB-0912,198.46.216.18,NKNJJRZSeVXdBUYpQmTVU9gzrokBeg4j5Z6q,RN,NKN,0
VPS-1CPU1GB-0913,192.227.235.162,NKNEjErEYcG6E7aB4hG4CDULmArN2Nonbgbu,RN,NKN,0
VPS-1CPU1GB-0914,198.46.252.166,NKNUeroWPw2WJC8f9o85Uz3varmDxPx7GszH,RN,NKN,0
VPS-1CPU1GB-0915,198.46.216.180,NKNZ6GfWM9Aj8vGmNfYDp98Jpcurdcuc12ax,RN,NKN,0
VPS-1CPU1GB-0916,198.46.253.165,NKNZiE6jTBq7Kv7TutH11Y8RgQBb7kyJFxpS,RN,NKN,0
VPS-1CPU1GB-0917,167.160.189.150,NKNPuoHVwFprh693uzbHuJVi1bLeckoByYGL,RN,NKN,0
VPS-1CPU1GB-0918,198.46.216.181,NKNPZtcnBWYU5WjLcgf3PLr6iQtVJvGMpTHy,RN,NKN,0
VPS-1CPU1GB-0919,198.46.253.166,NKNRV9krVPhXdQLkt42bSXkVFwvXrp393ThX,RN,NKN,0
VPS-1CPU1GB-0920,107.173.196.160,NKNQcbUqauVCBDNkf2DaKHAF6BGeQ1s6hd6q,RN,NKN,0
VPS-1CPU1GB-0921,107.175.69.49,NKNDPXBEkHZZBjiwG2jDYTsQgaeNJRwyjskn,RN,NKN,0
VPS-1CPU1GB-0922,107.173.196.161,NKNU8EiqqUD7JWSdCBX5b7LKJBfnGoD6w3eT,RN,NKN,0
VPS-1CPU1GB-0923,107.175.69.5,NKNHfx4wauPeRH9CcTr381pv3pKQH5SYHTWD,RN,NKN,0
VPS-1CPU1GB-0924,192.227.235.163,NKNDF1EzKqgCCTrSaxq12ns8qqU26U7xHF4j,RN,NKN,0
VPS-1CPU1GB-0925,107.175.69.50,NKNNTPeDu2L5HSsdhUURynTAmZC86sTMu2oE,RN,NKN,0
VPS-1CPU1GB-0926,198.46.221.165,NKNMiNp9xyLV5SeDhHMKNba1T6kzKhyfYLjJ,RN,NKN,0
VPS-1CPU1GB-0927,172.245.63.170,NKNHusqLhNvF32qon9H5HgofTeTHNhkTtfoR,RN,NKN,0
VPS-1CPU1GB-0928,198.46.216.182,NKNMSecEmgKhF2KCrDqP1rthMmWd4Sku6bFf,RN,NKN,0
VPS-1CPU1GB-0929,198.46.253.167,NKNJT5CFMhQZWtTG6nDobtswo6RPcMUrpmXP,RN,NKN,0
VPS-1CPU1GB-0930,198.46.221.166,NKNL5jAJg2Sx9TBFudLNzt8VCiHuQ8FC85To,RN,NKN,0
VPS-1CPU1GB-0931,167.160.189.151,NKNFV1wsJa2dbZ3PebHSnEDnHQrdfDyggiNb,RN,NKN,0
VPS-1CPU1GB-0932,198.46.253.168,NKNCVkwcxHVHmvv579Lujm7dJXTMGDeygPzC,RN,NKN,0
VPS-1CPU1GB-0933,192.227.235.164,NKNEhPkDn8LDuHn8aZBLFbPFeAvW2hiV4eUr,RN,NKN,0
VPS-1CPU1GB-0934,167.160.189.152,NKNLeP7DhjMBxraUEecoEk9fhUx3UUtG3aJA,RN,NKN,0
VPS-1CPU1GB-0935,172.245.138.160,NKNREy6LjN9tTNHdmUwQqDcVDZGVeU9un46m,RN,NKN,0
VPS-1CPU1GB-0936,198.46.221.167,NKNGrP4hVsw7TzVvgdZETaMhfMoVLL23aqtE,RN,NKN,0
VPS-1CPU1GB-0937,107.175.69.51,NKNQqe8G13sQp6g1cfguE3fKpQVtZT5GAqsK,RN,NKN,0
VPS-1CPU1GB-0938,198.46.252.167,NKNKLfecNvLEiWtpR39UCVtzv5qX1QSKXYpc,RN,NKN,0
VPS-1CPU1GB-0939,198.46.221.168,NKNWrcQj5PeiebyphT3xzYb5Kji1LQFUXC3f,RN,NKN,0
VPS-1CPU1GB-0940,198.46.252.168,NKNReoCVR4yxL3BqgRRojsS8YeQcsx334nQp,RN,NKN,0
VPS-1CPU1GB-0941,107.173.196.162,NKNNX2qPP5auUFZaAi3b2nywoK4YxJoFaqTa,RN,NKN,0
VPS-1CPU1GB-0942,167.160.189.153,NKNR6hNhB6eNFtsb6i95qQ43QX5sNL5kjQH9,RN,NKN,0
VPS-1CPU1GB-0943,107.173.196.163,NKNFaV4k3qaH9nCJAJRRm32ynuza4bscMgST,RN,NKN,0
VPS-1CPU1GB-0944,192.227.235.165,NKNQm6PeLjVz9zyYmne3m88h7xaHxj2N2LW1,RN,NKN,0
VPS-1CPU1GB-0945,198.46.221.169,NKNDNytZoPY2iXRJou3yj7uZU5AYoh4aUWbs,RN,NKN,0
VPS-1CPU1GB-0946,198.46.252.169,NKND1CvDaWi9UXHv5ouV7HNZ3Y6ZJzMP5fKj,RN,NKN,0
VPS-1CPU1GB-0947,198.46.221.17,NKNM3MCfSmV9XHCxMRVqK9TNchavch9Fxd1W,RN,NKN,0
VPS-1CPU1GB-0948,107.173.196.164,NKNKXrXBgU8cPChhweaGMVSD681dkZ22rX7K,RN,NKN,0
VPS-1CPU1GB-0949,172.245.63.171,NKNX23xNa8PY4dh6zooP7Ua61LrwkHfkGnwX,RN,NKN,0
VPS-1CPU1GB-0950,172.245.63.172,NKNUN8VioNYRBqLt3DEoumHx6D4UoKtawW3w,RN,NKN,0
VPS-1CPU1GB-0951,107.173.196.165,NKNCpSAPM6RqSdCVX4aQsnb4SzMnNeJb2Ght,RN,NKN,0
VPS-1CPU1GB-0952,167.160.189.154,NKNM4m7cwuLsZ1LYTvMnb1RJHNjE3yWoZ5oa,RN,NKN,0
VPS-1CPU1GB-0953,198.46.252.17,NKNRqM6gN1Um5ta2WWDEdCnJ16fZFPFVsGNN,RN,NKN,0
VPS-1CPU1GB-0954,198.46.221.170,NKNWeHkpr3evJbZeGJ7HjAWcCeqnk8Er6XzK,RN,NKN,0
VPS-1CPU1GB-0955,198.46.253.169,NKNL6JBQXL3j3AJQqLMBMRXkSJNN8uCgPLMB,RN,NKN,0
VPS-1CPU1GB-0956,167.160.189.155,NKNXS7Gq5Ycx9i3EWwyr3vvX9i4f9PyMCtjH,RN,NKN,0
VPS-1CPU1GB-0957,172.245.63.173,NKNDQSH5fst9637im9AWTLfy4nj6oye9c4jQ,RN,NKN,0
VPS-1CPU1GB-0958,107.175.69.52,NKNWZbf6ULtxokiv6SDWUVqsnegSXGfxnpiA,RN,NKN,0
VPS-1CPU1GB-0959,172.245.138.161,NKNaPfYL1JbiVNSriCiaCvohYKeD3nRy2Ds1,RN,NKN,0
VPS-1CPU1GB-0960,198.46.253.17,NKNT1mfCFYsEA5RWi1czDyMQxk5rdWqHXExZ,RN,NKN,0
VPS-1CPU1GB-0961,198.46.253.170,NKNWXvrTE79Wqehj6c34tNjz1b6yXAkHWDG2,RN,NKN,0
VPS-1CPU1GB-0962,167.160.189.156,NKNaZF5S5xiyijoHXKnEfd8QnxCpdrUVgfr1,RN,NKN,0
VPS-1CPU1GB-0963,198.46.216.183,NKNZJnJVW9bAnuYRGu8ALD1LCGAgvgEKY1P2,RN,NKN,0
VPS-1CPU1GB-0964,198.46.221.171,NKNaJNMatPtLH9HU1uxWP8sTJRJLiM8wd3Xv,RN,NKN,0
VPS-1CPU1GB-0965,198.46.253.171,NKNWVuv8jMeRkz95X1zJHZeXPsyiHoz4m3um,RN,NKN,0
VPS-1CPU1GB-0966,172.245.63.174,NKNLt5Me6ZmdMNozZBvYAWMPunMEyaeNo539,RN,NKN,0
VPS-1CPU1GB-0967,198.46.253.172,NKNDZsKb821n2vXkyHQkv8nZhY53Akkt78bM,RN,NKN,0
VPS-1CPU1GB-0968,198.46.221.172,NKNTZU1pTLkVBrTLLZjn6Nv1GYK5BzsR6gQx,RN,NKN,0
VPS-1CPU1GB-0969,198.46.216.184,NKNL6csy5fowYiVdjBDeE3a9VkAQZoyFSkz1,RN,NKN,0
VPS-1CPU1GB-0970,107.173.196.166,NKNU7pknRwvZT8a5beTn97rxr3YaAWoaxNG2,RN,NKN,0
VPS-1CPU1GB-0971,172.245.178.157,NKNKYGA91vZictxSkMEwHye34kNNoW8huuJF,RN,NKN,0
VPS-1CPU1GB-0972,198.46.221.173,NKNT2hXNbdZBkrSUY1CtY8Gg4a49PBWnBHZE,RN,NKN,0
VPS-1CPU1GB-0973,107.173.196.167,NKNEKkGQEmi1qLKjbtALGoDbqzPoGd26wx8e,RN,NKN,0
VPS-1CPU1GB-0974,198.46.216.185,NKNaCmcfiygSMPnc7r6sS5sRjyoHTsn842gg,RN,NKN,0
VPS-1CPU1GB-0975,198.46.253.173,NKNE82JQaYxoPHNAnfKsPxy9cMXNiJVvpMYz,RN,NKN,0
VPS-1CPU1GB-0976,198.46.252.170,NKNR2V8t8Yo6kdPs1WDxUKy7gDssHadKk4Xy,RN,NKN,0
VPS-1CPU1GB-0977,192.227.235.166,NKNPCpMLP7eDUwdBAivRFgPmTDH6maJLDY4r,RN,NKN,0
VPS-1CPU1GB-0978,198.46.253.174,NKNPsnaGNdaVgFDME8oryUpFWuC5pkfEDk7j,RN,NKN,0
VPS-1CPU1GB-0979,172.245.138.162,NKNTkF5vXcVyP8B1jwnDywsUybDLy1kcY2Eo,RN,NKN,0
VPS-1CPU1GB-0980,167.160.189.157,NKNMEZw4iFznNZJXdJjTYg4pspnWddJ6sNMw,RN,NKN,0
VPS-1CPU1GB-0981,192.227.235.167,NKND7REwMujC7XSpJyZgzvTRytfti2xXPgUn,RN,NKN,0
VPS-1CPU1GB-0982,172.245.138.163,NKNCG7ywkNSVg6bXZccNPmiVbEwfjBLa7mpD,RN,NKN,0
VPS-1CPU1GB-0983,192.227.235.168,NKNUzxAfYPUov9eAVyUVCiZmsYkfBAivL5wN,RN,NKN,0
VPS-1CPU1GB-0984,167.160.189.158,NKNUE3m9GnMdeijJbsR5UrSsKiMhSdfPGLmE,RN,NKN,0
VPS-1CPU1GB-0985,192.227.235.169,NKNLRYWz9e38Bwpr7VdcCCTCB1AmxYbvYCKX,RN,NKN,0
VPS-1CPU1GB-0986,172.245.138.164,NKNMTxVXVGuqnsJVd18z5to3Pb1d9LzNjCZV,RN,NKN,0
VPS-1CPU1GB-0987,172.245.178.158,NKNFR5Zn5fmXteVpZL9MgVbksn9SzRziD4be,RN,NKN,0
VPS-1CPU1GB-0988,172.245.178.159,NKNZqp2o4LhUES5eKNFhM2nUQW1Zjhr9i9GX,RN,NKN,0
VPS-1CPU1GB-0989,192.227.235.17,NKNK7VJUaNgFdFi3qUvEjwMspshgtdyPeVPg,RN,NKN,0
VPS-1CPU1GB-0990,107.174.144.221,NKNGcR6uqoEKdHuwUrjTgYD4Sfd4vkg2x5ss,RN,NKN,0
VPS-1CPU1GB-0991,107.172.208.204,NKNHH9pQ5muZPQ8VgSx3PgDrb5LsYwXJXtn9,RN,NKN,0
VPS-1CPU1GB-0992,107.172.208.207,NKNPQKUBgGcpDvBn3CExBzwYzCUr8MQQEfw3,RN,NKN,0
VPS-1CPU1GB-0993,192.227.235.175,NKNVJJPyNp6LVRSixRaaH9nUA2yYp3uLkvgF,RN,NKN,0
VPS-1CPU1GB-0994,107.172.208.212,NKNakgNZfiwyFqjFrzsaASg4XyoRWENwJ5Hf,RN,NKN,0
VPS-1CPU1GB-0995,192.210.226.58,NKNM1NhbsBaRSxa4EPnePHQqzqm1mDykLopP,RN,NKN,0
VPS-1CPU1GB-0996,172.245.138.183,NKNBnCvA6ddkquxsTuwvAgWjKz7dwfrQkSBk,RN,NKN,0
VPS-1CPU1GB-0997,107.173.226.184,NKNJJSqU5xTVSvrFz1Kutad56iKVe9xVJiS1,RN,NKN,0
VPS-1CPU1GB-0998,107.173.50.48,NKNMpUaAg8qjeS8g3ZvhgMs9cwHBNrWK4NNh,RN,NKN,0
VPS-1CPU1GB-0999,172.245.181.135,NKNRNEoZjUFLdcUw8Sw21V8UWvv7duznK6L4,RN,NKN,0
VPS-1CPU1GB-1000,107.173.196.188,NKNQrmQgoNNVunNoGNyvnAqBDCrwjScVPx53,RN,NKN,0